_id,id,learningTrackCluster_id,Number of Learning Activities in LT,Number of Exercises in LT,Number of Engagement Activities in LT,Number of Communication Activities in LT,Number of Videos in LT,Number of Games in LT,Times Edited,Average Fun of LT,Average Difficulty of LT,typeLT,highuseteachLT,notprimary
30,f9bd6de1-3d80-4999-99e7-284e8a857fd7,15,3.0,0,3,1,0,0,0,,,1,0,0
3,fc6af83c-46b9-44fd-b7b4-80c551d5dcd4,3,3.0,1,0,3,0,0,0,,,1,0,1
121,c9dcb628-39ab-437e-a4de-861d42bcbf8c,2,22.0,11,5,0,7,0,0,,,1,0,1
485,0572b950-c9f8-4434-b96c-d8323ec7ea28,8,10.0,8,0,2,0,1,0,,,2,0,1
111,0915b877-8a50-4f65-81d5-79e34b4d3c83,2,1.0,0,0,0,2,0,1,,,1,0,1
80,d17c32eb-1b6c-4c30-a9fe-05d4de7f5cb7,18,2.0,2,0,0,1,0,0,2.0,5.0,0,0,0
4,5358d09f-e795-4dba-b682-e847f8e363d5,3,26.0,14,0,10,3,0,0,4.2,,1,0,1
13,c6165801-4d43-4a4e-b203-511aac7d1abe,3,27.0,14,0,11,3,0,0,,,1,0,1
11,d3145645-d0f0-48d2-a26e-c0c824a21229,3,27.0,14,0,11,3,0,0,,,1,0,1
116,10d0a93d-c4fd-46be-a224-5dfc7bc3d131,18,4.0,2,0,2,1,0,0,,,0,0,0
17,7e897cf1-220b-42ac-b4bb-b948a10bc7f1,18,27.0,14,0,12,3,0,0,,,0,0,0
117,ae48c54b-94bd-402d-8709-15bf176438dc,18,4.0,2,0,2,1,0,0,,,0,0,0
15,fb09321c-f1fc-48d8-bbf2-664eb3667cb1,3,27.0,14,0,11,3,0,0,3.7142857142857144,2.0,1,0,1
72,518ce42f-3dac-4178-8f63-2c5ec8ba9575,11,2.0,1,0,2,0,0,0,3.5,3.25,2,0,0
928,4aae9e6e-4f6a-4712-af5d-1ba38a64f478,15,26.0,16,4,0,1,0,0,,,1,1,0
26,95276f6e-bb17-4272-87bf-b490aed283a0,3,27.0,14,0,11,3,0,1,,,1,0,1
21,e4f04b1e-4a26-4a50-9bea-6793610f9555,3,27.0,14,0,11,3,0,0,3.75,2.4166666666666665,1,0,1
22,13a4d26f-0409-498a-941e-603b463e575f,3,27.0,14,0,11,3,0,0,,,1,0,1
24,99501b35-8be9-4be1-9625-e4fc31efdda6,3,30.0,15,0,13,3,0,0,,,1,0,1
130,0d3eb3ff-6314-48b2-8725-fd2ba7626295,2,22.0,11,5,0,7,0,0,,,1,0,1
124,3f115719-4ee5-425b-8dbe-486fc359b179,2,19.0,9,5,0,1,0,0,,,1,0,1
486,6e59ad78-45e1-45bd-9c0f-cd07da61747d,8,17.0,15,0,2,0,1,0,,,2,0,1
87,c499514a-a466-455c-ad43-b48a1fe08dea,8,17.0,22,0,2,0,1,3,,,2,0,1
487,adb39a9c-fdfe-4c9f-b775-322dbd85d621,8,10.0,10,0,1,0,0,0,,,2,0,1
203,52680dfd-554e-42bc-999a-ff2447e46c9e,2,3.0,2,1,0,1,0,1,,,1,0,1
929,9bf294fb-994b-4c7d-b3db-0fee716bb147,15,29.0,17,4,0,1,0,0,,,1,1,0
42,6df3ec57-1273-4a73-b4cb-b1731f13b58e,14,2.0,1,0,2,0,0,0,,,2,0,1
25,798457c8-9ad0-4c5a-9d51-0ba09a53fdc6,2,26.0,17,0,8,2,0,0,,,1,0,1
41,ca4d0b5b-3574-4a88-814b-9a7f560cd5cf,14,2.0,1,0,2,0,0,0,,,2,0,1
18,afe80deb-894e-458f-92c9-e45208e2dc58,3,32.0,15,1,14,4,0,0,2.7857142857142856,3.0,1,0,1
28,e59c33af-fcd9-4453-9a39-59eac85199fe,11,1.0,1,1,0,0,0,0,,,2,0,0
33,08ade10e-5373-4867-917a-81fca7da35ee,3,27.0,14,0,11,3,0,0,,,1,0,1
36,d64bfbea-1410-4bc8-b07d-1238c156ab05,3,27.0,14,0,12,3,0,0,,,1,0,1
35,89f8162b-93e0-42c4-b971-3de5ce81b4b2,3,27.0,14,0,11,3,0,0,3.375,2.375,1,0,1
29,71d64aec-0ace-4d3e-934e-bb8143f4405b,11,1.0,1,0,1,0,0,0,4.5,1.5,2,0,0
32,a02335ff-0896-4cc9-97c7-8130ad8054ed,11,2.0,2,0,1,0,0,0,4.0,2.0,2,0,0
31,67e1179c-8b44-4f6e-b672-9508e5b84be1,15,3.0,0,0,4,0,0,0,4.0,,1,0,0
27,40bfff99-fa92-404e-9eed-b92732c337d9,2,26.0,17,0,8,2,0,0,,,1,0,1
19,1114a212-2005-478a-abc8-08e38d4d7619,2,26.0,18,0,8,2,0,0,4.125,1.875,1,0,1
34,e8960a76-0464-42a1-8a8d-0af66d37b4b0,14,37.0,25,0,13,0,0,3,,,2,0,1
488,f80e2689-18d3-491f-b8ca-b8d11b0d6337,8,2.0,1,1,0,0,1,0,,,2,0,1
43,c99c09ec-8f11-43f8-9ab2-e3624df1bc9d,3,27.0,14,0,11,3,0,0,2.6666666666666665,2.6666666666666665,1,0,1
16,8f71a78a-d603-43d9-934b-483b53013996,2,26.0,17,0,8,2,0,0,3.8583333333333334,1.7777777777777777,1,0,1
10,7f962664-cb95-4d0e-8abf-68483970813c,2,24.0,16,0,7,2,0,0,,,1,0,1
5,1f845f34-e434-4700-8e5e-0ff3e53be421,2,24.0,16,0,7,2,0,0,,,1,0,1
6,16d87d65-7a08-436c-aa21-fdb231bf55d0,2,24.0,16,0,7,2,0,0,,,1,0,1
7,d0a317a6-686b-4c92-a70d-5167af42d37f,2,24.0,16,0,7,2,0,0,,,1,0,1
8,c4fe6c56-7bbb-4ae7-8742-1138fa3b5c22,2,24.0,16,0,7,2,0,0,,,1,0,1
9,44d57d5b-fd9d-4836-862e-22070008710d,2,24.0,16,0,7,2,0,0,,,1,0,1
12,16ee7c05-f3b5-4149-bc6d-adec5cfe434f,2,25.0,16,0,7,3,0,0,,,1,0,1
14,b477918b-9f65-4cd0-94d2-597d48a12d41,2,25.0,16,0,7,3,0,0,,,1,0,1
20,518dee09-5840-4204-a830-72ea66bb7be8,2,26.0,17,0,8,2,0,0,,,1,0,1
45,25c9594c-f7bc-48a0-a66c-20c0b0f7ec4b,14,35.0,24,0,12,0,0,0,,,2,0,1
23,dab9a6e9-1c7d-4845-bf43-ded744869ba7,2,26.0,17,0,8,2,0,0,,,1,0,1
107,26212df5-6fab-427c-9990-4cb506d0fe3d,15,30.0,28,6,1,4,0,1,,,1,0,0
109,1805bb59-8e53-450c-90ec-a3272a5d0f84,15,28.0,25,4,0,1,0,1,,,1,0,0
521,c28fbb15-ed57-4776-9d71-0fd972e484aa,15,36.0,19,6,1,2,0,1,4.205128205128205,,1,1,0
119,65d48c5b-5deb-453b-9d91-296e4aa3f0db,18,4.0,3,0,1,1,0,0,,,0,0,0
115,31528123-852c-4c73-9494-7cd90cd77486,18,4.0,3,0,1,1,0,0,,,0,0,0
114,8e48db8a-fec1-4e98-9938-9e8330a70976,18,5.0,2,0,3,1,0,0,,,0,0,0
113,d5358933-5c8e-4156-b26a-701da1772dd8,18,5.0,2,0,3,1,0,0,,,0,0,0
44,4fcce55c-fda9-46dd-9272-acc828465925,14,35.0,24,0,12,0,0,0,3.0,3.0,2,0,1
47,c3bb6d0e-2546-4c35-bdf1-51db7f427585,6,,0,0,0,0,0,0,,,1,0,1
489,bdf5af4d-47de-4da9-8123-f0e21abf2c59,8,10.0,11,0,2,0,1,3,3.706161137440758,2.2369668246445498,2,0,1
59,1d3b8b78-3f37-484b-adf9-5b7f59e97df5,11,2.0,1,0,2,0,0,3,,,2,0,0
490,1d55c790-6a67-4d06-8855-f73f4576cd66,8,17.0,15,0,2,0,1,0,,,2,0,1
553,6c67117a-045a-4a5c-bb67-ba781664db65,3,28.0,14,8,3,3,1,0,,,1,0,1
57,46533d41-baec-4cd1-b220-d14068e98b23,11,2.0,1,0,2,0,0,4,,,2,0,0
46,857b8d23-b5b7-460b-ac4d-54f2ec5be6bd,14,37.0,25,0,13,0,0,0,,,2,0,1
54,6b500bdf-c679-4282-88f9-135d5b945a77,14,37.0,25,0,13,0,0,0,,,2,0,1
144,5a3527fe-9153-4e18-ab44-06c283d038ac,15,27.0,25,4,0,2,0,1,,,1,0,0
62,4be318bb-9d7b-4a39-ba0f-9348bbc1bee4,11,3.0,2,0,2,0,0,4,,,2,0,0
60,ffcc17e9-5e5a-42f8-a053-58e2c9a4d57e,11,2.0,2,0,1,0,0,3,,,2,0,0
108,a165d0d2-dd25-4079-82ae-e16b596e5b63,2,18.0,11,6,0,9,0,5,,,1,0,1
48,a4be1624-f891-4575-ab1a-3e56f6eb1439,6,1.0,0,0,0,1,1,0,,,1,0,1
55,61852c3e-bb5e-437b-8d19-5380f6425fba,14,26.0,15,0,11,0,0,0,,,2,0,1
56,8c0de415-993d-4d71-8644-1ed84daab965,14,37.0,25,0,13,0,0,0,,,2,0,1
112,c806e01f-0ca2-4add-9cd2-af25170f3f6e,2,7.0,2,0,0,6,0,0,3.0,3.0,1,0,1
452,73e2f649-9a93-48ef-a03b-1b0d0171956f,18,2.0,2,0,0,1,0,1,,,0,1,0
79,e9a96fe0-7eac-4a6f-aaa2-51750e2be53e,14,26.0,15,0,11,0,0,0,,,2,0,1
49,652dae30-7191-4d2d-b59c-1bc3c1abc95a,3,27.0,14,0,11,3,0,0,,,1,0,1
53,a1e41d75-f40c-43a2-8972-7a3d09d439f4,11,5.0,1,0,1,4,0,0,,,2,0,0
66,702185d4-9a57-47ed-8b16-95d2e6f71d2c,14,26.0,15,0,11,0,0,1,,,2,0,1
491,e23f9920-99b5-4c5a-94cd-e926b510460e,8,10.0,10,0,1,0,0,0,4.105263157894737,2.0526315789473686,2,0,1
67,3ab5409d-ebac-40f3-afbb-bf467fdee6ff,14,26.0,15,0,11,0,0,0,,,2,0,1
68,6b6fca88-f4a0-417c-9c77-91630b7c4f29,14,26.0,15,0,11,0,0,0,,,2,0,1
78,7b706eda-178f-4a8e-a5d0-d7cfce7bb3df,11,4.0,1,0,3,1,0,0,4.5,2.5,2,0,0
75,e9818074-3c92-41ec-bb67-bc52c780478d,11,3.0,2,0,2,0,0,0,3.0,3.0,2,0,0
71,d01256ab-b853-48ed-b7be-fe81c7abe864,11,2.0,1,0,2,0,0,0,3.0,4.0,2,0,0
77,95d8ed10-a41b-4a0b-9c46-01a34523fdc0,11,4.0,1,0,3,1,0,0,,,2,0,0
74,3b698d61-6db6-432b-b184-897b3703b161,11,3.0,2,0,2,0,0,0,,,2,0,0
70,5450a4af-86c8-43d2-8a12-a8cad0de1a7c,11,2.0,1,0,2,0,0,0,3.5,3.0,2,0,0
76,683532aa-f744-4b2b-9983-c39312728484,11,4.0,1,0,3,1,0,0,,,2,0,0
73,1a99db21-b6b8-4fbe-97cc-f190923e482a,11,2.0,2,0,1,0,0,0,,,2,0,0
522,3c88f63f-8a1a-46e7-a9e8-e57b9d4fe6c3,15,26.0,16,4,0,1,0,0,3.3333333333333335,,1,1,0
523,706e7824-aaaa-40c4-b91b-4d817828458d,15,36.0,18,6,1,2,0,0,4.467532467532467,,1,1,0
99,105d554a-ec84-486f-8a3e-595fc7e8fc69,3,30.0,19,8,3,6,1,6,,,1,0,1
143,7d42a101-5b63-40bb-aaca-8b30c6705d7d,15,26.0,25,4,0,2,0,1,,,1,0,0
101,656af901-19ba-48e7-a9e7-906e4090c7f6,19,40.0,23,14,2,2,0,1,,,1,0,1
146,3eb17173-7d07-4955-b2a1-dda6e4799eff,15,26.0,24,3,0,2,0,1,,,1,0,0
84,8a2b7ec6-ff01-4b86-be71-8e47808f45b6,18,4.0,3,0,1,1,0,5,,,0,0,0
94,7bd9615d-c50d-4e6c-96be-60c30f54e356,18,4.0,2,0,2,1,0,0,,,0,0,0
154,074fdc46-edda-4748-b421-92170b2c9df0,3,26.0,12,9,3,3,0,1,2.6666666666666665,3.3333333333333335,1,0,1
163,fde1ccfd-a264-4e50-ab0f-4b4704249346,15,0.0,0,1,0,0,0,1,,,1,0,0
147,e0988e6d-db61-4e1e-b713-92ebb4c026cf,15,21.0,24,3,0,2,0,1,,,1,0,0
930,b4789710-6027-40e5-a71f-20ed6e8b51bd,15,29.0,17,4,0,1,0,0,,,1,1,0
95,d1c030f7-7146-4d9c-bc88-455d2f5d6782,18,4.0,2,0,2,1,0,0,,,0,0,0
97,c65a3bb1-bb6d-46c4-875c-f05fbf4b7ec6,3,26.0,14,8,2,3,0,1,,,1,0,1
90,636de566-f924-4204-963c-5dec9721e9f0,18,5.0,5,0,5,2,0,4,,,0,0,0
83,852fddb1-abac-48f2-b872-956cd1092b24,18,4.0,4,0,4,2,0,4,,,0,0,0
82,47bf6001-6123-442c-a68f-de667fbb2d96,18,4.0,4,0,4,2,0,4,,,0,0,0
96,e808037b-567e-4565-b5a0-afc097b17017,18,4.0,2,0,2,1,0,0,,,0,0,0
91,bfd7757e-2d89-4ccb-a063-f740fddf334a,18,4.0,3,0,1,1,0,0,,,0,0,0
92,2070f0df-b5ea-4ca9-a79a-a24f883bf5d2,18,5.0,2,0,3,1,0,0,,,0,0,0
93,c18a8789-7235-4363-9c25-e1cc4e4e0f06,18,5.0,2,0,3,1,0,0,,,0,0,0
176,cf43a51f-e3bf-489d-b4bc-30f512d84e1a,15,27.0,16,3,0,1,0,0,5.0,1.6666666666666667,1,0,0
171,e5d6964f-a4af-49e0-9b25-4e7d125c7e2f,3,25.0,12,8,3,3,0,0,,,1,0,1
210,654fadc2-a92d-44b5-a174-54bbcc8f7d01,3,28.0,14,8,3,3,1,0,,,1,0,1
211,066a3cbb-4eac-4af9-98d6-eab913383e72,3,26.0,12,8,3,3,1,0,,,1,0,1
249,bf4fcfc5-cf6a-407a-8042-7048ff9697c7,3,25.0,12,8,3,3,0,0,,,1,0,1
252,7ccfd813-30eb-41a7-a2c6-9bb9d1bb9358,5,4.0,4,1,0,0,0,0,,,1,0,1
103,b83f2d1d-59f6-4d01-a8a5-65cdd3f6d232,19,40.0,23,14,2,2,0,0,,,1,0,1
931,e35312d6-6cca-4221-88f8-f976b04a89c2,15,26.0,16,4,0,1,0,0,3.769230769230769,,1,1,0
69,28ccc181-501f-4a25-b542-28ca8cd4f584,11,5.0,1,0,1,4,0,0,,,2,0,0
110,73f0af2d-a610-4f72-920e-2849f6b5e7e1,2,,0,0,0,0,0,0,,,1,0,1
105,497a4b14-6d55-4f77-b2cb-1b3b8bc0b040,2,2.0,2,0,0,1,0,5,,,1,0,1
467,f6acc983-21c0-4cf3-acd9-7da9f4a650ce,14,26.0,15,0,11,0,0,0,,,2,0,1
118,9ebc48fc-905c-4e70-8b37-8237e22f1973,18,4.0,2,0,2,1,0,0,,,0,0,0
468,2463077b-2fd2-453b-9ddc-96233a5ba93f,14,37.0,25,0,13,0,0,0,,,2,0,1
120,9313c348-d3e7-44ae-bc49-080343a72ee2,2,7.0,2,0,0,6,0,0,,,1,0,1
145,9a160ba2-fb64-4157-9d81-c1c5e27be6d2,15,26.0,24,3,0,1,0,1,,,1,0,0
104,0e0f7b20-9d22-4d44-ae8a-a69b9731734f,2,0.0,0,0,0,1,0,0,,,1,0,1
556,1a9e0b9a-b8e6-490a-a597-b80253e10a85,3,25.0,12,8,3,3,0,0,,,1,0,1
622,405b551b-5eb5-46c4-a59b-bd33460f291f,3,25.0,12,8,3,3,0,0,,,1,0,1
102,540c4c47-e7e5-4655-b14a-8a9764a7a8e6,19,38.0,23,14,2,2,0,1,,,1,0,1
127,767ef722-e6e7-4191-830c-1c57450d49b5,18,4.0,2,0,2,1,0,0,,,0,0,0
126,17221482-a5b7-484e-bc5d-41097fa716f7,18,4.0,2,0,2,1,0,0,,,0,0,0
125,233348f1-12c8-4a67-aefa-aa5fef1530e1,18,4.0,2,0,2,1,0,0,,,0,0,0
128,cfafcd0c-f41e-42a5-9141-cc410c0c4f49,18,5.0,2,0,3,1,0,0,,,0,0,0
129,caf30491-534d-42a6-ac92-7a91d9aaf727,18,5.0,2,0,3,1,0,0,,,0,0,0
122,ecd19fba-c6cb-4fb2-a3fc-f3c95402c3e5,2,19.0,11,6,0,7,0,0,,,1,0,1
134,520ce2f8-d32e-414e-820e-99887ca70f57,11,2.0,1,0,2,0,0,0,,,2,0,0
135,2589f66c-8a25-4619-86ed-d080db5662f2,11,2.0,1,0,2,0,0,0,,,2,0,0
136,04a2d6a1-3d04-4ab4-8531-ebbbd57172c7,11,2.0,1,0,2,0,0,0,,,2,0,0
137,ef2a7523-a600-40d6-af6f-f3a57326bd14,11,2.0,2,0,1,0,0,0,,,2,0,0
138,a828694f-9eec-4225-8a79-dbb999ad4a1a,11,3.0,2,0,2,0,0,0,,,2,0,0
139,1b87852e-e17b-4540-ae18-5794e86b250b,11,3.0,2,0,2,0,0,0,,,2,0,0
140,db4459ef-dfab-4d23-8b25-18d71c80c084,11,4.0,1,0,3,1,0,0,,,2,0,0
141,6c52904f-9b00-43c9-98db-08dedbba3af2,11,4.0,1,0,3,1,0,0,3.0,3.0,2,0,0
142,52f1fede-a464-4fbe-a2cd-1c1e1c26a73e,11,4.0,1,0,3,1,0,0,3.0,3.0,2,0,0
932,132fab42-73f5-4169-b5c7-82ba6dcc9e3c,15,21.0,17,4,0,1,0,0,3.8125,,1,1,0
148,1976d245-26bf-4d1c-b499-1a5b76266860,18,12.0,8,3,0,2,0,0,4.0,2.0,0,0,0
149,8fbc7616-fb51-467f-9c88-327eb4009ade,18,12.0,8,3,0,2,0,0,,,0,0,0
933,75899960-f636-4d91-814e-86587d03dd9a,15,21.0,17,4,0,1,0,0,3.892857142857143,,1,1,0
164,0160a471-3ebe-4a31-b004-69ef18d115a8,15,0.0,0,1,0,0,0,2,,,1,0,0
132,d336b0b3-ffcf-41c1-bdb9-49560e301ad7,11,5.0,1,0,1,4,0,0,,,2,0,0
133,521c8984-7d6f-401a-9ad6-17d3d8c78727,11,5.0,1,0,1,4,0,0,,,2,0,0
524,0c3981b5-d606-46c5-96ce-06c002742214,15,36.0,19,6,1,2,0,0,4.462962962962963,,1,1,0
557,352a9a0c-d69c-4898-9635-a55063414d01,3,28.0,14,8,3,3,1,0,,,1,0,1
212,6a0e708e-125e-4c7d-99ee-0eacf2b3b611,2,3.0,2,1,0,1,0,0,,,1,0,1
363,f7183a1a-c16c-42d7-ab75-ef45bd468041,3,28.0,14,8,3,3,1,1,,,1,0,1
362,3436d637-3ace-4b81-a79c-c6b876b4645c,3,28.0,14,8,3,3,1,0,4.666666666666667,1.3333333333333333,1,0,1
63,d25b1bd3-6ae3-420e-b255-54c382a78669,11,4.0,1,0,3,1,0,4,,,2,0,0
131,aaaf6aa9-cb9e-4feb-8604-d935bc9cef59,18,2.0,2,0,0,1,0,0,2.0,4.0,0,0,0
150,0f6a3bea-7028-433b-9ee4-aca4ca431a33,18,12.0,8,3,0,2,0,0,3.0,2.0,0,0,0
152,8e62fb51-2c47-4117-af96-385ede332558,18,12.0,8,3,0,2,0,0,,,0,0,0
151,0c1834cf-fda6-4075-b663-2e1b2b838e09,18,12.0,8,3,0,2,0,0,,,0,0,0
525,dbba595b-a3a2-4878-9cc0-1544c854ea64,15,29.0,17,4,0,1,0,0,4.194444444444445,,1,1,0
153,afe87a2b-6dda-4301-931c-4cb144431f15,18,12.0,8,3,0,2,0,0,,,0,0,0
911,dc414cff-ac3e-456f-a351-9e192e6f824e,15,24.0,15,3,0,1,0,0,,,1,1,0
166,ba0b1320-8e56-4e15-a0a5-4626275f98c2,15,25.0,15,3,0,1,0,0,,,1,0,0
173,baedcb31-f8b9-459b-8c22-55967ab2653b,11,5.0,1,0,1,4,0,0,,,2,0,0
208,706ebcbb-951a-433b-8941-b5de13dd931b,15,29.0,17,4,0,1,0,0,,,1,0,0
225,69e44da9-d7b9-41e2-b852-66c82957232b,15,0.0,0,1,0,0,0,0,,,1,1,0
246,9c691655-22fb-4043-8387-798276b13688,15,21.0,16,5,0,1,0,0,4.0,,1,0,0
934,81e4e0e2-dfb7-421a-83ff-a610a6ea26e4,15,19.0,16,3,0,1,0,0,3.6666666666666665,,1,1,0
158,5214cfc5-351c-47a3-9d07-7a8655e5b5dd,18,12.0,8,3,0,2,0,0,,,0,0,0
156,f1553f31-9a96-4fdb-8fa2-141604f8415f,18,2.0,2,0,0,1,0,0,,,0,0,0
159,2f711cdd-c4c9-4f24-8f17-5c11a86184ef,18,17.0,15,2,0,1,0,0,,,0,0,0
492,9739367a-3226-4e3e-91f6-4577257198bf,8,10.0,8,0,2,0,1,0,3.0,4.0,2,0,1
170,d14bd451-7254-4bbf-b040-327adad293fa,3,25.0,12,8,3,3,0,0,,,1,0,1
935,733e62c5-762f-42d8-8f16-2b3fe322170e,15,19.0,16,3,0,1,0,0,3.494047619047619,,1,1,0
513,de855871-f3a6-4a6f-ac82-db1cb33a5e70,18,12.0,8,3,0,2,0,0,,,0,0,0
198,3acee451-e179-4a39-89de-d1e893b658e2,18,4.0,2,0,2,1,0,0,,,0,0,0
197,f554b49d-185e-4f15-9de6-f81385ed8a6a,18,4.0,2,0,2,1,0,0,,,0,0,0
200,09a622ce-5b8b-49c8-b30e-4f63fe576658,18,5.0,3,0,2,1,0,0,,,0,0,0
199,b5aa3008-1c63-4be7-8378-41cc2cf41b93,18,4.0,3,0,1,1,0,0,,,0,0,0
174,3c43d978-165a-4413-b51e-c30d2ad6e1d7,15,36.0,19,6,1,2,0,0,4.636363636363637,1.2727272727272727,1,0,0
526,70a6567e-5748-4969-b938-4f4622e29b43,15,29.0,17,4,0,1,0,0,4.5,,1,1,0
569,ce455bf6-5990-4618-af8b-0f5483e98881,15,26.0,16,4,0,1,0,0,,,1,0,0
162,67905827-7a7a-44c2-a74e-d530ef0dfc6e,15,0.0,0,1,0,0,0,1,,,1,0,0
155,f3fda348-8748-4b0f-8c50-3eeb14f6e492,18,2.0,2,0,0,1,0,0,,,0,0,0
157,9c2768e9-5ece-4b2a-9059-b29662dc0903,18,2.0,2,0,0,1,0,0,,,0,0,0
168,9f444193-634f-43e1-ac3a-0542b9307968,11,5.0,1,0,1,4,0,0,,,2,0,0
175,2b5e022b-7e6a-4759-a5a4-8682d31a2cfd,15,25.0,15,4,0,1,0,0,3.0,3.0,1,0,0
167,9577d8ff-1000-473a-8eb5-bd88d6e6052d,11,5.0,1,0,1,4,0,0,,,2,0,0
165,7d01a557-b03d-4fbb-a40b-d558d864943f,18,18.0,15,2,0,2,0,0,,,0,0,0
936,57227ca5-71c0-40a8-ad42-93627a995049,3,25.0,12,8,3,3,0,0,,,1,0,1
527,dfa56239-7c06-4370-a453-a830ca8a978c,15,24.0,15,3,0,1,0,0,4.333333333333333,,1,1,0
40,bd3ddea4-f5ce-43d6-92be-06f01a8fc328,18,17.0,15,2,0,2,0,3,,,0,0,0
186,a6e49f52-db0d-4bc8-b4bd-d8d2df56851b,11,5.0,1,0,1,4,0,0,,,2,0,0
187,aee857e0-fefb-4090-94b1-0c877250f3cd,11,2.0,1,0,1,0,0,0,,,2,0,0
188,da5b9664-06b9-44c3-ab71-2c1c080f785a,11,2.0,1,0,2,0,0,0,,,2,0,0
189,b9f8d0a6-5678-43c0-b9f1-e3c97199870a,11,2.0,1,0,2,0,0,0,,,2,0,0
190,1c28e3b9-8bd9-4dba-a250-6b8dee13618f,11,2.0,2,0,0,0,0,0,,,2,0,0
191,75919459-c566-407a-a867-62ce42a5efda,11,3.0,2,0,1,0,0,0,,,2,0,0
192,b3d547bc-90b5-461e-8716-108c96ad30a5,11,3.0,2,0,1,0,0,0,2.0,2.0,2,0,0
193,c6a7552c-16a3-4d7f-9a85-3f786b7ceb5b,11,4.0,1,0,2,1,0,0,,,2,0,0
194,774810b5-5e23-4b14-a1bf-98c54bef4133,11,4.0,1,0,3,1,0,0,,,2,0,0
195,0da4e19d-ffe0-4d27-a635-4a0b97592677,11,4.0,1,0,3,1,0,0,,,2,0,0
177,8b5b3383-4b36-44f2-98ae-6cc7e207a57c,19,35.0,17,15,2,2,1,0,,,1,0,1
185,4f4d0993-60a2-49f3-b92c-43fd8cfcddba,18,18.0,15,2,0,2,0,0,,,0,0,0
183,4a55df8b-3d63-4f8e-b312-1ff2fc6798de,18,12.0,8,3,0,1,0,0,,,0,0,0
207,a37fff5b-55d5-4b22-84a2-3467b95d3a1a,15,26.0,16,4,0,1,0,0,,,1,0,0
213,9ff95cae-5ea3-43ca-9761-a240f40e518b,2,18.0,9,3,0,7,0,0,3.75,2.25,1,0,1
217,25be2ede-9c89-4992-8c2f-1f7273aa6785,15,36.0,18,6,1,2,0,0,,,1,1,0
219,3415004c-8a7d-4d05-9f25-37bedb8560ed,15,36.0,19,6,1,2,0,0,,,1,1,0
220,64881a08-100a-4cc8-b7a1-d4811716b2d4,15,29.0,17,4,0,1,0,0,,,1,1,0
221,bf5b9d0c-66ce-46f1-9bb8-b042ed9d3b10,15,29.0,17,4,0,1,0,0,,,1,1,0
222,a012d0d8-6a9f-49c5-9166-910b5ab4aa4e,15,24.0,15,3,0,1,0,0,,,1,1,0
223,1df47ad0-d767-4310-af10-2dbc98fb7d7b,15,27.0,16,3,0,1,0,0,,,1,1,0
224,36cb8e91-7689-4da1-a86e-fc078c19436c,15,26.0,16,3,0,1,0,0,,,1,1,0
123,c7c7acf0-8a93-4651-bea0-cc04bf95bc68,2,22.0,11,5,0,7,0,0,2.6666666666666665,2.6666666666666665,1,0,1
180,a43721d1-a6b9-4df6-b9fb-8b1c11cfad63,12,7.0,5,0,0,2,1,0,,,3,0,0
202,6054816e-9d4e-4b08-a7cb-c5b1bc686ad2,12,7.0,5,0,0,2,1,0,,,3,0,0
181,787f2b7b-6104-4597-8045-bd07a6bea536,12,7.0,5,0,0,2,1,0,,,3,0,0
196,e2a63d87-5df3-4c48-895b-75e883bbae43,18,4.0,2,0,2,1,0,0,,,0,0,0
184,a8067b15-440f-464a-b9f1-121e4895abe9,18,12.0,8,3,0,2,0,0,,,0,0,0
201,50dfa2b7-382a-4db8-81a9-5e172c0e8657,18,5.0,3,0,2,1,0,0,,,0,0,0
169,d9b181e9-e796-4962-a7b8-e093de3b6e98,18,18.0,15,2,0,2,0,0,,,0,0,0
182,62743715-1d9c-4bb0-ae8d-8a842f31349b,18,2.0,2,0,0,1,0,0,,,0,0,0
937,b28c46ce-934b-4a01-9bdb-99c3a57bf775,15,36.0,19,6,1,2,0,0,3.4038461538461537,,1,1,0
938,e9b5fdcc-e25e-4481-bb8d-1ca165c40730,15,26.0,16,4,0,1,0,0,4.055555555555555,,1,1,0
939,d01f68ce-25cc-408c-804f-72e8d606af7a,15,26.0,18,6,1,2,0,0,3.71875,,1,1,0
528,3a8db875-876f-42ad-aced-5d216a7d3f3d,15,27.0,16,3,0,1,0,0,,,1,1,0
215,312c5677-ad3e-461c-bee0-df2bb56200d6,2,18.0,9,3,1,6,0,0,3.6153846153846154,2.3076923076923075,1,0,1
218,b7070f2d-3c77-4952-b3d4-648549d421ef,15,36.0,19,6,1,2,0,0,,,1,1,0
940,f811da4e-2264-4d5f-ae7a-55daf325e9f0,15,27.0,19,6,1,2,0,0,3.981132075471698,,1,1,0
206,1c764c4e-4fd1-4e08-85ea-5d916bad7489,5,9.0,7,3,0,0,0,0,3.0,3.5,1,0,1
172,418e2723-d6ac-4b7f-9c67-bc3a6b454501,11,6.0,1,0,2,4,0,1,,,2,0,0
226,c0f50c2a-0b6a-4733-8877-44eb23c03ae3,14,26.0,15,0,11,0,0,0,,,2,0,1
85,efc18ddd-65bc-4c7f-a14a-4a852239853e,14,37.0,25,0,13,0,0,0,3.0,3.0,2,0,1
227,908485b8-e245-440b-8854-45f39b7b5b74,14,26.0,15,0,11,0,0,1,,,2,0,1
214,dbd8119b-a34e-4112-b975-70b22a8a7831,2,15.0,10,3,0,7,0,2,3.316326530612245,2.479591836734694,1,0,1
470,14ce2e02-aff8-4401-8156-0abf79a3c8eb,18,2.0,2,0,0,1,0,0,4.27027027027027,,0,1,0
941,43e614b6-79c9-47da-8a16-a0bde6827169,15,21.0,17,4,0,1,0,0,3.526315789473684,,1,1,0
529,990107ac-c4ef-4383-9cce-3fe96eec58f0,15,26.0,16,3,0,1,0,0,,,1,1,0
942,d0be1211-37a0-4ffe-a1ec-81ec9a4f0fc8,15,21.0,17,4,0,1,0,0,3.4285714285714284,,1,1,0
228,73de0878-c8a4-4462-b2ef-c4a80e60d6b1,2,16.0,10,3,0,7,0,0,3.579310344827586,2.7379310344827585,1,0,1
943,e66613d8-a970-44bc-859f-3076c15694d9,12,7.0,5,0,0,2,1,0,4.241379310344827,,3,1,0
250,29d684d6-06c2-4054-9dfd-8c3367206d79,8,2.0,1,2,1,0,1,4,,,2,0,1
230,0182154e-4b1c-456a-a65c-7f46fa017469,4,5.0,5,0,0,1,0,0,3.0,2.6,1,0,1
231,7b9fda67-d710-4924-a93b-8a664587c1c9,14,26.0,15,0,11,0,0,0,3.803921568627451,1.8235294117647058,2,0,1
232,f8909ad8-feb2-4ed3-887e-2f2b5a1edcae,14,37.0,25,0,13,0,0,0,3.7535211267605635,1.9154929577464788,2,0,1
247,25093fb4-4f3e-4e66-9002-5d8b3af2cce9,15,21.0,16,5,0,1,0,0,,,1,0,0
209,8378f30f-e1f2-4264-9921-80a843034e7f,3,25.0,12,8,3,3,0,0,,,1,0,1
216,11a28b30-4b47-4b53-bd45-59abba9a6895,15,26.0,16,4,0,1,0,0,4.1,1.62,1,0,0
944,3391a67f-f33a-47e0-a284-99a5bdfbc99c,12,7.0,5,0,0,2,1,0,3.7142857142857144,,3,1,0
471,a5e4a9ed-675e-4017-9b35-17745483bb54,19,0.0,0,1,0,0,0,1,,,1,0,1
251,f0863928-06ee-446f-8f97-8d14d9259656,8,5.0,8,2,0,0,1,0,3.0,3.0,2,0,1
234,ba1d9d96-e016-4aff-9d8e-a0ff0953d28e,14,37.0,25,0,13,0,0,0,,,2,0,1
530,3a5adaab-0e5f-460c-b835-4e752647c4fb,15,0.0,0,1,0,0,0,0,,,1,1,0
945,4a23c08f-809b-473c-8838-654f2bcdc2c7,15,0.0,0,1,0,0,0,0,,,1,1,0
237,ebda7ab2-de00-456a-9101-032402c26960,18,12.0,8,3,0,2,0,0,,,0,0,0
254,14ae06ef-a882-4771-85ae-e9ee7cbcd7f2,15,36.0,19,6,1,2,0,0,,,1,0,0
474,779959ce-2a22-4987-b19b-0b58f3987bac,19,39.0,17,14,2,2,1,0,,,1,0,1
267,a022fa70-66cf-421d-bdb0-7b22feb64a22,15,26.0,16,4,0,1,0,0,,,1,0,0
253,11ebc4a8-ef4c-43a7-a141-768da2a633e2,15,36.0,19,6,1,2,0,0,3.5,2.0,1,0,0
473,e6dc0c2e-c235-4f81-a757-151e19d363bb,19,38.0,16,14,2,2,0,0,,,1,0,1
472,fe11e14f-9194-4d4e-adee-85af73e91a92,19,40.0,19,14,2,2,0,0,,,1,0,1
578,101d16bb-23a8-40ba-9ca5-de32e7d49c43,3,25.0,12,8,3,3,0,0,,,1,0,1
236,70fcd73d-55a9-4dfa-8575-e42bc39ab79f,18,12.0,8,3,0,1,0,0,,,0,0,0
238,0871cc9f-4152-4c0b-bfeb-d6c8f4e40c0f,18,18.0,14,2,0,2,0,0,3.0,,0,0,0
244,5f57877c-5bfa-486c-81fb-99f8600e10a5,18,5.0,3,0,2,1,0,0,,,0,0,0
243,4dd102d3-60d2-4634-9b9b-4d4bf695b934,18,5.0,3,0,2,1,0,0,,,0,0,0
242,1383cb70-4828-4030-91b1-a61aa603e6c0,18,4.0,3,0,1,1,0,0,,,0,0,0
239,260d5905-d6da-4486-a739-cfb2b78ebad3,18,4.0,2,0,2,1,0,0,,,0,0,0
240,d5f4161c-6702-4791-99fa-33e750e4df93,18,4.0,2,0,2,1,0,0,4.0,,0,0,0
241,9be81c85-b666-406a-b53b-cc9a508df440,18,4.0,2,0,2,1,0,0,4.0,,0,0,0
646,6152f53a-75e0-4adf-937c-a1b64c057006,3,25.0,12,8,3,3,0,0,,,1,0,1
946,2f0d83f5-b8f3-468d-8994-c92c3d08485c,15,0.0,0,1,0,0,0,0,,,1,1,0
947,d36530b8-a737-4156-8867-f2adb5fa288c,15,21.0,17,4,0,1,0,0,2.7333333333333334,,1,1,0
948,aba4f1ee-0dcd-481c-ba05-dfcbfb348072,15,21.0,17,4,0,1,0,0,3.902439024390244,,1,1,0
256,9a7eab43-685e-4cd5-8361-509aa980eac5,8,17.0,15,0,2,0,1,0,,,2,0,1
257,3b730187-99d1-4bc2-a502-b43496763f4d,8,10.0,8,0,2,0,1,0,,,2,0,1
258,05164bc9-3e88-4b66-8e30-afb0ba216e5b,8,14.0,12,0,2,0,1,0,,,2,0,1
259,735ab0db-22c0-4b12-b894-66edd395d12c,18,17.0,14,2,0,2,0,0,,,0,0,0
260,17e8ec5a-dc3c-45aa-9711-03a86db2b929,18,2.0,2,0,0,1,0,0,,,0,0,0
261,b3296a30-2f67-4a30-a2a1-4e7505b6aeca,18,12.0,8,3,0,1,0,0,,,0,0,0
475,e0e45547-2436-4ee7-a779-4315131c4308,3,25.0,12,8,3,3,0,0,,,1,0,1
263,8a6052fe-3d10-40d1-9564-b8cdb39c640c,18,17.0,14,2,0,2,0,0,,,0,0,0
264,32a48671-2eb0-4705-bf5a-bbc92c867216,18,2.0,2,0,0,1,0,0,,,0,0,0
268,88217212-0985-4c2c-8a3d-6e191e701575,18,5.0,3,0,2,1,0,0,,,0,0,0
269,18ab96b0-2e83-46f6-95e4-5348f11da5c6,18,5.0,3,0,2,1,0,0,,,0,0,0
531,13e974b5-d77c-4379-86e2-6760613830e7,15,0.0,0,1,0,0,0,0,,,1,1,0
265,5922af72-cccc-4ae2-8cbe-fd410900f052,18,12.0,8,3,0,2,0,0,,,0,0,0
266,13bcffae-2b7c-4c62-9525-613b4727559d,18,4.0,3,0,1,1,0,0,,,0,0,0
270,dd45b690-131f-49e2-9d43-ebe80d6a840a,18,4.0,2,0,2,1,0,0,,,0,0,0
271,d684ea84-e53c-490b-9fdd-df7ebf9ea89a,18,4.0,2,0,2,1,0,0,,,0,0,0
272,45c8747e-d34d-4383-be88-288ee54b4aa4,18,12.0,8,3,0,2,0,0,,,0,0,0
476,4e6f8165-7bda-418f-8bda-05ff4c143964,19,0.0,0,1,0,0,0,0,,,1,0,1
514,c8562197-673d-4667-9a04-f0cc3d45f82b,18,12.0,8,3,0,2,0,0,,,0,0,0
949,bbc97421-9c90-4f68-b357-dc9b9ace4505,15,27.0,19,6,1,2,0,0,2.877551020408163,,1,1,0
493,9ada9072-8651-4b7b-a9dc-d36250a5655f,11,5.0,1,0,1,4,0,0,,,2,1,0
502,e6a723bd-4d17-4aff-9e5c-fc2db699a204,11,4.0,1,0,3,1,0,0,,,2,1,0
501,3752df53-a336-47c1-af9f-e6507044e4ff,11,4.0,1,0,3,1,0,0,,,2,1,0
500,81608472-b966-4e3b-b756-df4ee00e1e6b,11,4.0,1,0,2,1,0,0,,,2,1,0
499,223e7337-f771-4b57-b478-d11535ab9450,11,2.0,1,0,1,0,0,0,,,2,1,0
498,5a7c2404-c48e-4949-bde4-ec4141e7c7ef,11,2.0,1,0,1,0,0,0,,,2,1,0
497,40a48242-4718-4aa7-aa98-6c54dfb87f73,11,1.0,1,0,0,0,0,0,,,2,1,0
950,4b321ee0-eef8-43b0-91bf-1fd0483b292a,15,26.0,18,6,1,2,0,0,3.4597701149425286,,1,1,0
951,3e29053b-9e6c-4762-97da-912d23f8115b,15,26.0,16,4,0,1,0,0,3.3947368421052633,,1,1,0
495,62c0f49f-9d50-463e-b221-929f637a78ab,11,2.0,1,0,2,0,0,0,,,2,1,0
496,b1a2a8ef-1db0-4b41-9200-d4358582c5fa,11,2.0,1,0,2,0,0,0,,,2,1,0
273,8d0c7f83-21c6-46eb-8c71-f619f038f436,15,26.0,16,4,0,1,0,0,,,1,0,0
274,3d9a2fd8-dfd9-454b-b741-173d3b28d169,15,36.0,19,6,1,2,0,0,,,1,0,0
275,8dd11121-fe53-45d9-9525-b34b574e77cc,18,4.0,2,0,2,1,0,0,,,0,0,0
276,4b3115be-f5fe-4d57-a3e6-61664d82d2ee,18,4.0,2,0,2,1,0,0,,,0,0,0
277,e0ca9dde-c5fa-4675-8117-14f1c20c9bda,18,4.0,2,0,2,1,0,0,,,0,0,0
278,129f562e-b5ff-4ba2-9bfe-3007f6dabec0,18,4.0,3,0,1,1,0,0,,,0,0,0
279,c0d44d2e-e230-45b2-9606-f7742f4e40a2,18,5.0,3,0,2,1,0,0,,,0,0,0
280,b1260734-c5b9-48ea-adfc-cc320e3842f8,18,5.0,3,0,2,1,0,0,,,0,0,0
281,a5ac01f6-ae14-4af1-90c7-c002f984c3db,15,36.0,19,6,1,2,0,0,,,1,0,0
282,f23c4b7c-a9db-48e7-b548-1dbc6f533a3c,15,26.0,16,4,0,1,0,0,,,1,0,0
284,25ab8c2d-40ed-4259-9823-ea714ed3dd70,15,36.0,18,6,1,2,0,0,,,1,0,0
285,6832b83e-e09e-449b-93aa-74ce4a3e3478,15,36.0,19,6,1,2,0,0,,,1,0,0
286,1711de79-2093-4d8c-83c9-3853e37c98df,15,29.0,17,4,0,1,0,0,,,1,0,0
287,03708e18-5dd4-4677-b59e-d32d1852b0b4,15,29.0,17,4,0,1,0,0,,,1,0,0
288,7fa613a8-ec32-42bc-b7c2-6cbab275ca84,15,0.0,0,1,0,0,0,0,,,1,0,0
289,1cbae065-1b4f-4362-9205-1ec76200b528,15,0.0,0,1,0,0,0,0,,,1,0,0
290,4a46cee0-2506-4ca9-873c-f623c9108ef6,15,0.0,0,1,0,0,0,0,,,1,0,0
291,741302f8-4dbf-44c4-8f33-8b263dce84a9,15,26.0,16,3,0,1,0,0,,,1,0,0
292,daa26a18-14c8-43f3-bf3f-32626cdbae0a,15,27.0,16,3,0,1,0,0,,,1,0,0
293,49feec9d-e6e0-4325-8b33-c15d9bbb0511,15,18.0,15,3,0,1,0,0,,,1,0,0
283,35d46a2a-3d0f-4b00-9af7-aba3dab0a666,15,36.0,18,6,1,2,0,0,,,1,0,0
255,608bb68f-8483-48e6-b9bc-a9628842d5aa,15,36.0,19,6,1,2,0,0,,,1,0,0
302,1e7b4eb3-bac5-4ee8-8f48-1a58b9e3bbc8,18,12.0,8,3,0,2,0,0,,,0,0,0
323,e7eef749-abb6-40f4-828a-132062ae9c48,11,4.0,1,0,3,1,0,0,,,2,0,0
952,1ff1ba47-461f-494c-9074-565683a378db,15,36.0,19,6,1,2,0,0,3.5921052631578947,,1,1,0
297,01c2b8e2-8b92-4d0e-80f1-a33d542a598d,15,36.0,18,6,1,2,0,0,3.857142857142857,,1,1,0
296,91c1781c-ab4c-41d2-8323-00be748238c4,15,36.0,18,6,1,2,0,1,3.3333333333333335,,1,1,0
299,a308a9aa-7cf8-4f74-9ad4-0463d9c92ab3,18,2.0,2,0,0,1,0,0,4.333333333333333,2.3333333333333335,0,0,0
300,39801f87-a7eb-4317-be35-c5ccbff67c58,18,17.0,14,2,0,2,0,0,3.0,3.0,0,0,0
301,b648d812-b01d-4219-b981-97b62995d0fb,18,12.0,8,3,0,1,0,0,,,0,0,0
532,34f06d8b-1a29-4b8e-8604-30e10abd9eb5,15,0.0,0,1,0,0,0,0,,,1,1,0
248,26ae70e0-5c00-48cb-a218-d1b27a79149b,15,24.0,15,3,0,1,0,1,,,1,1,0
477,fb7cf7a0-46e8-4540-938d-b923fac808d5,19,0.0,0,1,0,0,0,2,,,1,0,1
303,0b3f5269-2c6d-4292-9517-9dc5f38fc96d,18,4.0,2,0,2,1,0,0,4.0,3.0,0,0,0
304,be3b9c44-b9aa-48e1-9b02-3156b86d6f61,18,4.0,2,0,2,1,0,0,,,0,0,0
305,7d39f52a-8bb5-45d8-8a30-8a9e2c0b7354,18,4.0,2,0,2,1,0,0,,,0,0,0
306,4e52d630-e069-46a3-a3a8-706d73a679b1,18,4.0,3,0,1,1,0,0,,,0,0,0
307,dc4aaaea-97f4-4840-8430-23ec33e45a07,18,5.0,3,0,2,1,0,0,,,0,0,0
308,a3bdfcea-b69d-4011-998f-39e417a19721,18,5.0,3,0,2,1,0,0,,,0,0,0
314,cb469229-6938-46ad-86d4-0566569b9e89,11,5.0,1,0,1,4,0,0,,,2,0,0
315,5dfd3130-007e-4087-96cd-bae51ac0e538,11,2.0,1,0,1,0,0,0,,,2,0,0
316,af9add83-1c27-44a2-95bf-45362119183b,11,2.0,1,0,2,0,0,0,,,2,0,0
317,30c14e5e-c2b4-4572-ad0b-e7e38c96b9c2,11,2.0,1,0,2,0,0,0,,,2,0,0
318,dd5af0f8-431b-4a83-b525-9b93d69f1f3c,11,1.0,1,0,0,0,0,0,,,2,0,0
319,f0e51551-075d-49a9-9294-0bf72c5408fe,11,2.0,1,0,1,0,0,0,,,2,0,0
320,4b4a8ec8-2354-45c6-9fcc-5d111f8f7a05,11,2.0,1,0,1,0,0,0,,,2,0,0
321,058945d3-85c8-46a1-9060-6da1aee57e9e,11,4.0,1,0,2,1,0,0,,,2,0,0
322,3917a605-a6d5-4d2d-9bd9-8cc2d3dcd66a,11,4.0,1,0,3,1,0,0,,,2,0,0
313,fe45dc0c-9280-4547-a405-e6b4910f459e,14,26.0,15,0,11,0,0,0,,,2,0,1
312,91a82173-4835-4281-aff3-d07e76a0a0bf,14,37.0,25,0,13,0,0,0,,,2,0,1
309,e17c7498-802f-44d3-b4fc-cd6d783a3fa4,15,18.0,15,3,0,1,0,0,,,1,0,0
534,febe8ba0-da7b-4375-8ba9-8f1be38443da,15,0.0,0,1,0,0,0,0,4.0,,1,1,0
480,2bc6a45e-74ab-46e3-bcc4-7cd36dfd4b59,19,38.0,16,14,2,2,0,0,,,1,0,1
479,100eda64-b04f-4a26-8759-bdc246fe23f8,19,40.0,19,14,2,2,0,0,,,1,0,1
324,7d115a1f-8abb-435f-86e4-67dc4f01c651,12,8.0,5,0,1,2,1,0,,,3,0,0
325,28921116-d25c-4d1f-aed1-60bda0132390,11,5.0,1,0,1,4,0,0,,,2,0,0
326,48bbe4cd-ddc8-4295-97b5-ef2d512c7d4a,11,2.0,1,0,1,0,0,0,,,2,0,0
327,da37c8bf-aca9-4bb7-96e1-b1bef61ddb65,11,2.0,1,0,2,0,0,0,,,2,0,0
328,9a172f12-c3ee-455f-a251-8cbcad0fadb7,11,2.0,1,0,2,0,0,0,,,2,0,0
329,b67d716e-864b-4eb6-894d-55db1393d331,11,1.0,1,0,0,0,0,0,,,2,0,0
330,e626f9f7-19ff-4021-9841-7c24e63d717f,11,2.0,1,0,1,0,0,0,,,2,0,0
331,b2aa97ca-ea1a-401a-b5d5-0dd258f67f66,11,2.0,1,0,1,0,0,0,,,2,0,0
332,7129d460-b902-4ec7-9409-e070990b32b4,11,4.0,1,0,2,1,0,0,,,2,0,0
953,17ffa307-de1a-4cb1-ad55-7eaf9d76d236,13,1.0,1,1,0,0,0,0,,,1,0,1
336,11691489-f3d6-4235-8a4c-253c3f98f0da,11,2.0,1,0,1,0,0,2,5.0,,2,1,0
337,904889a2-21f2-4f30-beb3-3dd0a3612a54,11,2.0,1,0,2,0,0,0,4.0,,2,1,0
338,625a769b-135b-45c9-9826-6dc76847ad26,11,2.0,1,0,2,0,0,0,5.0,,2,1,0
310,8cadb90e-0943-486f-8888-13c034344c77,15,26.0,16,4,0,1,0,0,4.0,2.0,1,0,0
358,f1d36d18-9553-4f87-a1da-509d44b38d4e,8,17.0,15,0,2,0,1,0,,,2,0,1
334,1a9ba206-9ee6-46d1-8b5a-e2471d213bd0,11,4.0,1,0,3,1,0,0,,,2,0,0
344,ce90b526-987f-4721-97f9-5cc28b4b2594,11,4.0,1,0,3,1,0,0,4.0,,2,1,0
343,efe42ca8-a548-4bed-b431-b89d70518901,11,4.0,1,0,3,1,0,0,4.0,,2,1,0
342,22749d48-7ca9-40f5-985f-756043d28fe3,11,4.0,1,0,2,1,0,0,,,2,1,0
341,6f3a2aa8-f955-4b83-b93c-937fb9fadf85,11,2.0,1,0,1,0,0,0,,,2,1,0
340,6e4e85eb-594b-484e-aa4a-7000151593dc,11,2.0,1,0,1,0,0,0,,,2,1,0
339,27e96bf7-bf08-4f90-92fe-c74574d907d6,11,1.0,1,0,0,0,0,0,,,2,1,0
333,85b65e6a-6d5e-4b20-9a66-5efb3bc87411,11,4.0,1,0,3,1,0,0,,,2,0,0
345,c6ee676f-7891-47f0-8c9d-8c2ea32e65db,18,2.0,2,0,0,1,0,0,,,0,0,0
346,6cdbf1c2-ad68-4ddb-987a-e36c9cea73f2,18,12.0,8,3,0,1,0,0,,,0,0,0
347,c0affaea-bf62-4afe-95ed-d76bc81c58b2,18,12.0,8,3,0,2,0,0,,,0,0,0
348,72c5cb7c-8db2-4f0b-8035-ccc4a1e9b2ab,18,12.0,8,3,0,2,0,0,,,0,0,0
349,3426145f-ad72-42dd-a363-23774bd00e6d,18,4.0,2,0,2,1,0,0,,,0,0,0
350,863d5e41-91da-481e-a0b8-9ad6fbd3efe0,18,4.0,2,0,2,1,0,0,,,0,0,0
351,f283d166-8fdf-41ae-a153-59599eda78f9,18,4.0,2,0,2,1,0,0,,,0,0,0
352,a72c4bbb-7bfc-44b8-8ebd-3fa9dd4b7d28,18,4.0,3,0,1,1,0,0,,,0,0,0
353,f9e11161-9bb7-4b01-9f5a-3ebdc2f6eb45,18,5.0,3,0,2,1,0,0,,,0,0,0
354,fa7ef9b5-5050-4a07-9324-8e6ee36f7fe7,18,5.0,3,0,2,1,0,0,,,0,0,0
481,2c56839a-0f46-45fb-afbc-a7dc0c8147a2,3,25.0,12,8,3,3,0,0,3.206896551724138,2.896551724137931,1,0,1
504,5d5373d6-4dcf-413e-b23f-46d04c86822b,8,2.0,1,1,0,0,1,0,,,2,0,1
356,5ebdcef2-7625-4461-adb3-68f32866f63c,14,37.0,25,0,13,0,0,0,,,2,0,1
535,f93f146f-a94a-42cc-a877-2f7da37f6478,15,0.0,0,1,0,0,0,0,,,1,1,0
359,adf9836c-2dff-4d34-9307-3e2ed0956473,8,10.0,8,0,2,0,1,0,,,2,0,1
360,9896cbb7-90ca-4e4f-bfc8-4f39a25bf760,8,14.0,12,0,2,0,1,0,3.0,2.0,2,0,1
361,8b771d8d-d854-4d35-8242-ca499b595fca,8,2.0,1,1,0,0,1,0,3.8181818181818183,2.090909090909091,2,0,1
357,fb9667c8-9ec1-4bb5-abf4-429d6a5817a8,7,2.0,3,0,0,0,0,0,,,4,0,1
364,6d05ceee-b5af-42d2-9d9c-21cdb241a6f4,4,5.0,5,0,0,1,0,1,2.6666666666666665,2.2,1,0,1
233,fc3d44da-2bae-409e-9ed6-13bee2a886d0,14,26.0,15,0,11,0,0,0,3.3333333333333335,2.0,2,0,1
311,474b58c1-c676-475b-81d0-0d55fd37f985,14,25.0,15,0,11,0,0,0,,,2,0,1
365,dca87192-3761-40cd-9b1d-1aa18d4b6f57,14,26.0,15,0,11,0,0,0,3.6,2.4,2,0,1
366,734eba3f-5c2d-4e50-8e36-7d557de79d5b,14,37.0,25,0,13,0,0,0,4.0,2.0,2,0,1
368,27266c1e-1cd2-49c3-ba45-ff1e9cdc6109,13,0.0,0,1,0,0,0,0,,,1,0,1
369,acf969c2-10aa-46b7-85b8-ab80468e749b,13,0.0,0,1,0,0,0,0,,,1,0,1
505,6a7b66c2-e169-43f3-b830-60d6c49f7df9,18,4.0,2,0,2,1,0,0,,,0,0,0
367,03fe8b10-80f2-471d-a72d-71ed48da245d,8,17.0,15,0,2,0,1,0,3.727272727272727,2.5454545454545454,2,0,1
371,da772662-b7ef-4e23-8c9e-2e767db2d7ab,13,0.0,0,1,0,0,0,0,,,1,0,1
373,5fdc633e-2af4-4176-b26f-78d57a02e574,13,1.0,0,1,0,0,1,0,3.0,3.0,1,0,1
506,0104aa3d-038e-4846-9554-7b459c0186ea,18,4.0,2,0,2,1,0,0,,,0,0,0
370,41eb4350-9e47-40f6-90a3-54819ffb3ba0,8,17.0,15,0,2,0,1,0,,,2,0,1
376,dee68015-c9e8-40a0-aa80-6b3ad09396b0,13,0.0,0,1,0,0,0,0,,,1,0,1
384,343f1aac-5864-4528-af40-dc786ac0b2a7,19,0.0,0,1,0,0,0,0,,,1,0,1
385,6b1a6e7a-000d-4324-b28b-756d98bed1da,19,0.0,0,1,0,0,0,0,,,1,0,1
372,e76e1b41-d219-4778-a076-543d9a84187d,19,39.0,17,14,2,2,1,0,,,1,0,1
380,99d9081f-e671-482d-a4d4-5bfcfa683992,8,17.0,15,0,2,0,1,2,4.0,2.0,2,0,1
494,e18cfc02-b58f-477e-a594-45a2cf178590,11,2.0,1,0,1,0,0,0,,,2,1,0
379,0fe6ff3e-e63f-4323-be37-6b74a803d7ad,19,40.0,17,15,2,2,1,1,,,1,0,1
381,f7807530-dd2d-4234-be42-a7387cd3ea35,19,40.0,19,14,2,2,0,0,,,1,0,1
375,1c21ba81-a274-448b-81d2-55885c1b16a4,8,18.0,15,0,2,0,2,2,,,2,0,1
382,1a7391ce-2647-4a40-8491-038fd783b735,19,40.0,18,14,2,2,1,1,,,1,0,1
378,97a19bfe-6ed4-4454-8efe-3bd9ee7d3733,8,18.0,16,0,2,0,1,1,4.333333333333333,1.6666666666666667,2,0,1
387,d5ccb927-f930-419d-b3f7-7aebee55b287,11,5.0,1,0,1,4,0,0,,,2,0,0
388,b1791cd3-a223-469e-acab-269cd459a98a,12,7.0,5,0,0,2,1,0,,,3,0,0
389,50bfdbbd-7708-49d0-9356-942d010bb4d2,12,7.0,5,0,0,2,1,0,3.6,2.8,3,0,0
383,956a3575-e7c5-4d5c-bab7-892e312f26a1,19,38.0,16,14,2,2,0,0,,,1,0,1
377,5f2b42a3-cac4-4891-b33a-25d169034d9c,3,26.0,12,8,4,3,0,1,,,1,0,1
295,c1d1979a-51e5-42b3-bc5c-701bf15b9846,12,7.0,5,0,0,2,1,2,3.6666666666666665,2.0,3,0,0
391,55e15edd-f004-4ddc-98a7-a9a385c7674d,8,15.0,13,0,2,0,1,0,,,2,0,1
390,b6fd28d9-0345-43c7-b6fd-851cea1a3eee,8,11.0,8,0,2,0,2,0,,,2,0,1
393,866d1997-f6ad-41c4-ab11-5356b0f4cdfb,8,10.0,8,0,2,0,1,0,,,2,0,1
394,f5ed2035-de54-41f9-9126-a58a4c22316b,8,14.0,12,0,2,0,1,0,,,2,0,1
395,81d452e1-ffa6-45f0-9759-c5cf20d911f3,8,17.0,15,0,2,0,1,0,,,2,0,1
396,814b61d4-30e1-42f0-a568-112f34300f3c,8,3.0,2,1,0,0,1,0,,,2,0,1
374,e7c42fd5-54a1-4136-a00c-0d35ca1c08d6,8,11.0,8,0,2,0,2,2,4.5,3.0,2,0,1
294,52eaf679-6a38-4a16-a10c-b72b3f5c75a2,18,2.0,2,0,0,1,0,0,,,0,0,0
355,f72044d3-01a6-49c1-84cf-4a81d94772de,14,26.0,15,0,11,0,0,0,4.0,2.0,2,0,1
398,227d3b4f-1b8c-4278-b947-4ac289e5e406,14,26.0,15,0,11,0,0,0,,,2,0,1
507,0d24bc13-ab0b-4906-875a-9b45fe58e057,18,4.0,2,0,2,1,0,0,,,0,0,0
399,1ef83add-e394-4a49-bb19-01eeb380a251,14,37.0,25,0,13,0,0,0,,,2,0,1
400,4a45e2b5-4963-49e4-aac2-e8ad2bba9ea5,12,7.0,5,0,0,2,1,0,,,3,0,0
401,9a404acf-13a3-40ac-b835-c1be0289c25a,12,7.0,5,0,0,2,1,1,2.5,2.5,3,0,0
508,116789be-933e-4b8f-a758-79c8a750411c,18,4.0,3,0,1,1,0,0,,,0,0,0
262,852c65a8-6e84-4a50-b9ac-683607cf722a,12,7.0,5,0,0,2,1,0,,,3,1,0
408,c0a84baa-8f9a-440c-aa31-56eba416ad36,12,7.0,5,0,0,2,1,1,,,3,0,0
404,033afb36-19a7-4212-82a8-dff05e975dd8,12,7.0,5,0,0,2,1,0,,,3,0,0
405,d63c4b98-8db4-4814-8aec-9a1a893c01e9,19,39.0,17,14,2,2,1,0,,,1,0,1
406,821723b4-99de-483b-88cd-93e70445d989,19,40.0,19,14,2,2,0,0,,,1,0,1
407,445bc2bc-e13f-4707-8c74-1db786431728,19,38.0,16,14,2,2,0,0,,,1,0,1
410,0ff72a66-825f-4824-8121-c7d4e72d8979,19,39.0,17,14,2,2,1,0,,,1,0,1
409,f4176ffe-5bcd-4cff-9b4a-44b745a68d44,12,8.0,4,0,0,4,1,2,,,3,0,0
178,71fefbe9-fb97-4adc-8df8-5c493c4a820b,13,1.0,1,1,0,0,0,3,,,1,0,1
411,8f5b151c-e217-4438-a215-c7189725cad4,5,9.0,4,3,0,0,0,0,,,1,0,1
412,babc1e59-0f6b-4205-9263-268b3261b602,5,9.0,7,3,0,0,0,0,,,1,0,1
509,b0d9790e-6d15-456c-8036-90aa5f49834d,18,5.0,3,0,2,1,0,0,,,0,0,0
617,fe0cf311-3c7a-4c2b-a427-299c0bd15fb2,11,5.0,1,0,1,4,0,0,,,2,1,0
415,76b4a122-1291-426e-94e9-eb1ca1f89fe2,12,7.0,5,0,0,2,1,0,4.0,,3,1,0
402,28f7dedc-97c5-4139-9a10-00ac551752fe,12,7.0,5,0,0,2,1,0,,,3,1,0
419,be413d47-4ab5-4ca4-84a1-36a91de27914,12,7.0,5,0,0,2,1,0,,,3,0,0
420,cbead4ce-158a-4073-82e4-375d9350e43a,12,7.0,5,0,0,2,1,0,3.0,3.0,3,0,0
421,a2d8aa23-95ff-4a2c-bef7-4865f694d25c,12,8.0,4,0,0,4,1,0,,,3,0,0
422,09c31fec-6d9e-48a4-a84c-9e79b6815e7b,12,8.0,4,0,0,4,1,0,3.2857142857142856,,3,0,0
423,ed5195f0-3b52-4df3-8bcd-653834a323eb,12,7.0,5,0,0,2,1,0,3.0,,3,0,0
424,23d1ac45-b59b-4944-87bd-9f46d1375951,12,7.0,5,0,0,2,1,0,3.2,,3,0,0
510,ce7b5357-3c03-44a6-b1fe-dc726af7b2fa,18,5.0,3,0,2,1,0,0,,,0,0,0
245,6ebb7283-51ee-44e3-92be-9b0d0562deb0,18,12.0,8,3,0,2,0,0,,,0,0,0
416,aa1687dd-0c5e-42c4-86cc-40d6df1178e0,12,8.0,4,0,0,4,1,0,,,3,1,0
418,81ed55f6-0f16-47ac-aa1b-cf1931ac97b8,12,7.0,5,0,0,2,1,0,,,3,1,0
417,da65dfee-35d9-4711-b547-1b14fd89818b,12,7.0,5,0,0,2,1,0,,,3,1,0
427,0115f885-a201-425f-ba8c-092aa3813426,12,7.0,5,0,0,2,1,0,,,3,0,0
425,5b9d4b57-2aaf-47f4-8812-83bfde31a2c8,8,10.0,8,0,2,0,1,0,,,2,0,1
428,2455a3b6-1423-416c-b937-4e8c496164ef,8,10.0,8,0,2,0,1,0,2.0,3.0,2,0,1
429,24efbe94-ff33-4fc1-91e9-5b1bc30d3a6f,15,26.0,16,4,0,1,0,0,,,1,0,0
430,b994fa6b-0b36-4973-a293-c16a09ff03d8,15,36.0,18,6,1,2,0,0,,,1,0,0
431,66d55d1c-af22-4eec-ba46-4f55d569ec8b,15,36.0,18,6,1,2,0,0,4.0,3.0,1,0,0
392,4ce057da-2b01-454b-a4bf-1382aa101e23,8,18.0,16,0,2,0,1,1,3.5,2.0,2,0,1
432,58d79049-bb15-4ab5-b821-305127d996c4,18,13.0,9,4,0,1,0,1,,,0,0,0
954,e527bba7-3d34-45dc-b2f6-ce0b51b8fe16,17,9.0,3,4,0,3,0,0,,,2,0,1
435,3c51433b-af4d-4db1-b554-4db332a42fad,18,13.0,9,3,0,1,0,0,,,0,0,0
434,9404ffa5-2fc5-44cb-a489-ddc9fc5145df,18,4.0,2,0,2,1,0,0,,,0,1,0
436,9003d2ee-10ae-4bf8-9a73-ea0f0bdaf7db,18,4.0,2,0,2,1,0,0,,,0,1,0
461,73ae72d7-46c7-4388-80ab-ee3c364397aa,2,3.0,2,1,0,1,0,0,,,1,0,1
464,519f5c99-516a-459f-a05c-75e7871314af,3,25.0,12,8,3,3,0,0,,,1,0,1
515,89129d6e-78c5-4fc4-993c-6b2d0f0f6b49,18,12.0,8,3,0,2,0,2,,,0,0,0
536,57c92e96-def4-4977-aa79-cd136d122e07,15,0.0,0,1,0,0,0,0,,,1,1,0
955,3ba8278b-adc8-44b2-a4cc-5df27f4dc50a,14,37.0,25,0,13,0,0,0,,,2,0,1
447,62846191-d82f-40c6-8b1c-c202a669465c,2,19.0,10,3,1,6,0,0,4.0,2.75,1,0,1
433,eac3715c-2251-4401-b3cf-35011ff74988,18,3.0,2,0,0,1,1,0,,,0,1,0
537,8426d815-e95b-4125-b24a-d7766026f0fb,15,0.0,0,1,0,0,0,0,,,1,1,0
439,319159df-9a76-4540-9568-ca386f4c9113,18,12.0,8,3,0,1,0,0,,,0,0,0
446,20c7f93a-46a7-46a9-9e89-e2c9f0e4998c,18,5.0,3,0,2,1,0,0,,,0,0,0
445,3dc4b6b9-c1ae-4df4-b4d8-9f755440a815,18,5.0,3,0,2,1,0,0,,,0,0,0
444,876d4dd3-3038-40db-b484-b0b6f3d7839a,18,4.0,3,0,1,1,0,0,4.0,,0,0,0
440,b8cd4381-2838-4390-ad21-5505b6c52ec4,18,12.0,8,3,0,2,0,0,,,0,0,0
441,6adcc42b-a923-4cf2-9a3f-84509c5f5ff0,18,4.0,2,0,2,1,0,0,4.0,,0,0,0
442,5de0d005-63b1-4af2-ab5d-a5568a883af0,18,4.0,2,0,2,1,0,0,4.0,,0,0,0
443,3b50d2c9-e395-4561-9131-bb187c656262,18,4.0,2,0,2,1,0,0,,,0,0,0
520,6d130a80-1696-4b94-8777-74beb9d8a860,6,4.0,4,1,0,0,0,1,,,1,0,1
448,86e36e20-317e-4555-abe6-458a5190866d,18,17.0,14,2,0,2,0,0,,,0,1,0
449,f1663411-084f-4e1f-b28a-26ea867c20d4,18,2.0,2,0,0,1,0,0,,,0,1,0
450,6c9915b4-f35f-4dcb-806a-91f05c4cbcfb,18,12.0,8,3,0,1,0,0,,,0,1,0
465,6d927a65-aa8b-4673-9cd3-b376564d63a6,3,28.0,14,8,3,3,1,0,,,1,0,1
466,007e3067-f2c8-4e45-911b-bee70be3ff19,3,26.0,12,8,3,3,1,0,,,1,0,1
483,aefb3c2d-4794-4d3c-b299-68b088ce4dec,18,2.0,2,0,0,1,0,0,,,0,0,0
511,253841d2-d15f-488e-b457-8439192751f0,18,12.0,8,3,0,2,0,0,3.0,3.0,0,0,0
582,1b144a4b-660f-4134-a934-cfb23f6177e1,15,26.0,16,4,0,1,0,0,,,1,0,0
625,b4abcefa-76b3-4b3f-9230-feaac833f3fe,15,26.0,16,4,0,1,0,0,,,1,0,0
626,87bf4caf-d30c-4dca-b132-aff97b5fd9a8,3,26.0,12,8,3,3,1,0,,,1,0,1
648,8f61fe89-a2e1-4761-8d7f-e517d0280198,3,25.0,12,8,3,3,0,0,,,1,0,1
956,9eca682b-4b77-435a-8bd9-2b5a2ced4e2c,3,25.0,12,8,3,3,0,0,,,1,0,1
454,e26e8b43-6afd-4916-95b1-dc5d885d325b,18,12.0,8,3,0,2,0,0,,,0,1,0
453,b2045fd3-fcc7-4fd8-be2d-0a0a43eeb073,18,12.0,8,3,0,1,0,0,,,0,1,0
484,493596bf-785c-4bee-b9b0-41a8c9057036,18,17.0,14,2,0,2,0,0,,,0,0,0
517,aaaf8687-c756-4cb2-be35-5f84e758b3e4,18,13.0,8,4,0,2,0,1,2.6666666666666665,,0,0,0
518,eb539788-85ca-4af8-b873-6747789cf8c0,18,12.0,8,3,0,2,0,0,3.5,1.5,0,0,0
459,96e9254e-8fce-41ed-ab45-fc8177539b17,18,4.0,2,0,2,1,0,0,,,0,1,0
460,2bcd3bf6-6c1b-479e-8a62-120370bed177,18,4.0,2,0,2,1,0,0,,,0,1,0
458,0b7dd91a-773f-4f76-8240-c1a123d0028b,18,5.0,3,0,2,1,0,0,4.34375,,0,1,0
457,87ca8315-8989-469d-ad9e-e80fda261aad,18,4.0,3,0,1,1,0,0,,,0,1,0
456,61353b4e-ca07-4088-a897-78fef2bf80ce,18,5.0,3,0,2,1,0,0,,,0,1,0
455,5b013f02-292d-4bdc-aaea-a19479c1cff0,18,5.0,3,0,2,1,0,0,,,0,1,0
462,02ec4d84-827c-418d-8f26-c385369ee29f,8,10.0,8,0,2,0,1,0,,,2,0,1
451,b416ff17-7a15-4109-87f3-102e5aef2384,18,17.0,14,2,0,2,0,0,,,0,1,0
533,77c54fd0-bfc4-4df4-8022-641531f64ade,18,16.0,14,2,0,2,0,0,4.0181818181818185,,0,1,0
503,2c37f247-b461-4f4f-a1d3-10ba1a543ae6,4,5.0,5,0,0,1,0,0,,,1,0,1
413,b1315aa7-b05e-4282-aa47-b7fe7cd333df,12,7.0,5,0,0,2,1,0,,,3,0,0
414,326b3b2b-abb8-4b1a-8420-f8992263f8a7,12,7.0,5,0,0,2,1,0,,,3,0,0
397,2ad62885-90fa-486d-b807-99ccdb14489f,15,36.0,19,6,1,2,0,0,5.0,1.0,1,0,0
538,6c5679a7-1bbf-4137-a191-ace7d21385d7,4,5.0,5,0,0,1,0,0,,,1,0,1
539,aa70a7aa-08c7-4963-80a6-ec8a55555acc,18,12.0,8,3,0,2,0,0,,,0,0,0
540,3c841af6-8c0d-40ff-ad68-e7931f73077a,18,11.0,8,3,0,2,0,0,,,0,0,0
541,465e122f-74ca-4a92-89b6-e6af14d81789,18,12.0,8,3,0,2,0,1,4.0,2.5,0,0,0
552,3ea30a14-43a6-49f9-bcda-7eccc874c977,15,36.0,19,6,1,2,0,0,,,1,0,0
542,2689b53c-96df-40df-8207-b445e80da5d7,18,12.0,8,3,0,2,0,0,,,0,0,0
543,5b06a643-2ee8-4e96-84b1-0fed44551cdc,18,11.0,8,3,0,2,0,0,1.5,2.0,0,0,0
544,eee54c60-ad0d-4d91-80f6-b3a45942e3d7,18,11.0,8,3,0,2,0,0,3.5,3.0,0,0,0
545,a57b31e7-76ee-4f9f-b28b-05392837940b,18,12.0,8,3,0,2,0,0,,,0,0,0
547,7c9223d0-190e-4fbd-9164-7d403453cf59,18,11.0,8,3,0,2,0,0,,,0,0,0
548,e254792e-b6ba-40ca-97d2-1483d996b640,18,11.0,8,3,0,2,0,0,4.0,2.0,0,0,0
549,a524fb4a-8b19-4302-bb46-d3125dc00f79,18,11.0,8,3,0,2,0,0,,,0,0,0
546,6ba61a45-0d94-4b70-aa53-c5cc48ae4867,18,12.0,8,3,0,2,0,0,,,0,0,0
550,1651ac29-48c5-47b7-ae18-4d58932be11b,14,25.0,15,0,11,0,0,0,,,2,0,1
551,a921ca36-ad51-47b0-971f-1fe79caed12c,14,37.0,25,0,13,0,0,0,,,2,0,1
554,99b26d7f-7067-4675-82a9-0f74b996db3b,8,10.0,8,0,2,0,1,0,5.0,1.0,2,0,1
555,8c7a3a2a-d2bc-4f6e-b2ed-97116ef66f99,18,12.0,8,3,0,2,0,0,4.0,3.0,0,0,0
560,ed4fb199-888c-4d90-9e73-b0b6f3e3048c,18,12.0,8,3,0,2,0,0,,,0,0,0
562,d20d32fc-24fd-4148-9a42-26beda340b26,18,12.0,8,3,0,2,0,0,,,0,0,0
564,091237f5-9a59-485a-b2bc-88820df6c179,8,3.0,2,1,0,0,1,0,,,2,0,1
565,4eb6e9c1-a294-4515-8036-5f0a2152c800,18,12.0,8,3,0,2,0,1,,,0,0,0
957,d82ea919-8f37-46e7-8b35-963b76c51e0e,3,25.0,12,8,3,3,0,0,,,1,0,1
561,bcb64faf-7837-4df9-97b2-a867b08d90ce,18,12.0,8,3,0,1,0,0,,,0,0,0
563,8b32ec6d-0bb1-436e-bc97-22f50b67520c,18,12.0,8,3,0,2,0,2,,,0,0,0
558,7b3d4d4b-b8f7-480b-bb39-de1c932350ca,13,1.0,1,1,0,0,0,0,,,1,0,1
559,4648adec-03d4-411b-98d5-1614d3ebce5e,13,1.0,1,1,0,0,0,0,,,1,0,1
584,cae1723c-c940-4991-84a0-30940ff28305,2,17.0,9,3,0,6,0,0,,,1,0,1
600,2cfa8bac-436b-4bff-ba16-9a4ac97efc7c,2,17.0,9,3,0,6,0,0,3.948051948051948,1.6753246753246753,1,0,1
611,26f643e1-ca91-4def-8ebc-3006e413cf3e,15,36.0,19,6,1,2,0,0,,,1,0,0
566,b989c0ce-59e3-45c4-b0a3-998388dd0cdd,18,12.0,8,3,0,2,0,0,,,0,0,0
567,2a43139f-5bf2-4edd-93e8-d0d61997fe6b,18,12.0,8,3,0,2,0,0,,,0,0,0
568,dd5c0df5-56b6-4102-bbe3-049861dcfcf4,18,12.0,8,3,0,2,0,0,,,0,0,0
958,15f48884-1f25-49f0-b257-305f1f64ea55,14,26.0,15,0,11,0,0,0,,,2,0,1
570,61e799f0-ff48-4832-a0cd-80cbb276cc74,14,26.0,15,0,11,0,0,0,,,2,0,1
571,a65d2e35-8743-42c1-b2dc-296a19394437,11,2.0,1,0,1,0,0,0,,,2,0,0
573,8288f414-f463-45e4-afc3-1b7fcd0ef3de,8,2.0,1,1,0,0,1,0,,,2,0,1
575,151e46f2-0d8f-4add-8592-fade4fd81c5d,18,9.0,7,3,0,2,0,0,,,0,0,0
576,f72c3604-bf83-46d9-a522-fedb22bf3067,18,12.0,8,3,0,2,0,1,,,0,0,0
577,158890c0-b482-499a-b41d-44460a1dd6e6,13,1.0,1,1,0,0,0,0,,,1,0,1
574,79b9af0b-5c89-4ccf-a722-f4b8e35bd45f,8,17.0,15,0,2,0,1,1,,,2,0,1
572,7ac2e08e-20bc-44e5-b8f7-dda406b58f2b,8,10.0,10,0,1,0,0,1,,,2,0,1
579,66e57b13-4e2b-4631-b2b5-d3e72ad7006e,8,10.0,8,0,2,0,1,0,,,2,0,1
580,f04869d8-1acd-449c-99a8-960c910c2340,18,13.0,9,3,0,2,0,0,3.0,2.0,0,0,0
959,bb3cd8ae-eb9e-40d7-b54a-a3cc7b4fea2a,18,12.0,8,3,0,2,0,0,4.0,,0,0,0
595,fac122b3-f2fd-4a0a-b6d4-1012e42aa9bb,5,9.0,7,3,0,0,0,1,1.0,5.0,1,0,1
960,7937f496-2c3a-42ff-ba32-cfec240e34b4,18,12.0,8,3,0,2,0,0,,,0,0,0
585,e692e212-e887-41c8-b1a8-61685cace3f8,8,10.0,10,0,1,0,0,0,,,2,0,1
586,0948a562-ce87-4fbb-b38f-b05acef5f716,8,17.0,15,0,2,0,1,0,,,2,0,1
589,3b4e35dc-ce25-415d-b3ae-d9389051cc4b,5,9.0,4,3,0,0,0,0,,,1,0,1
590,0b37ce9b-3a84-40b9-88e0-c2fe687e4aba,8,2.0,1,1,0,0,1,0,,,2,0,1
591,dc8855d3-e2fe-489b-a5f2-241d06e61fd9,5,9.0,7,3,0,0,0,0,,,1,0,1
594,b3538f47-345a-4111-8659-7434bed38e6c,13,1.0,1,1,0,0,0,0,3.5,1.5,1,0,1
608,bff5ee81-7f8c-4121-bd32-6bdfc5b5e24b,7,,0,0,0,0,0,0,,,4,0,1
636,b480139b-fb83-4d9b-931b-c0e6e6dab5bc,18,4.0,3,0,1,1,0,0,,,0,0,0
583,2f7d28e1-cde1-4816-afc0-cfe30451d648,4,5.0,4,0,0,1,0,0,,,1,0,1
612,366817ce-d3bd-4286-b483-c207d62ef51d,3,25.0,12,8,3,3,0,0,,,1,0,1
593,49c3b1b3-1e90-4832-a37b-8385da44c9af,8,10.0,8,0,2,0,1,0,3.0,3.0,2,0,1
597,a2c56156-cb1d-4793-8ac2-ccec64cfbcdf,5,9.0,4,3,0,0,0,0,,,1,0,1
598,d98c4af9-cb09-4116-8a7d-bfadfa0edfe2,5,9.0,7,3,0,0,0,0,,,1,0,1
588,c2df4041-a7e4-42ff-bf49-dafeb57f861a,5,9.0,7,3,0,0,0,2,,,1,0,1
599,ae3b4809-b5e9-4500-aa08-9e51dea22ee2,5,9.0,4,3,0,0,0,0,,,1,0,1
438,c35d0c22-9f52-4a35-aa12-da9d4befca8b,18,2.0,2,0,0,1,0,0,3.0,,0,0,0
298,a7b990b5-2e06-4fb4-8ab8-29ef2187f6a9,18,2.0,2,0,0,1,0,0,,,0,0,0
610,1b70f41a-8a28-4c08-8738-2eebd2011d90,8,17.0,15,0,2,0,1,0,3.4285714285714284,3.0,2,0,1
613,fd0319f5-b119-48dd-90b5-e33493dce891,3,25.0,12,8,3,3,0,0,,,1,0,1
623,437816c6-20f1-4c9c-b00b-6ecc10b35f61,15,36.0,19,6,1,2,0,0,,,1,0,0
624,45424f54-462e-432d-a9bf-a2942e7f041e,3,28.0,14,8,3,3,1,0,,,1,0,1
637,68f6a0e3-6188-4e9a-b79a-dc8ffc9ebb84,18,5.0,3,0,2,1,0,0,,,0,0,0
640,54d60565-407f-481f-b76d-3ecf7bb3f5e0,15,36.0,19,6,1,2,0,0,5.0,1.0,1,0,0
647,c95b9b14-e0e0-4dd8-8ac6-af40ec6038fa,3,25.0,12,8,3,3,0,0,,,1,0,1
235,464e1e6b-5a1b-4adc-ba56-f3f7d4e0ff32,18,2.0,2,0,0,1,0,0,,,0,0,0
463,d3de36e7-3f61-423c-aef1-2586878d10fc,18,17.0,14,2,0,2,0,0,3.8,2.0,0,0,0
437,182af0ed-a36e-4e08-b2cb-1a078273343c,18,17.0,14,2,0,2,0,0,2.9,,0,0,0
482,69d069ef-0a92-4125-bb65-0570a5c31ad1,18,12.0,8,3,0,2,0,0,,,0,0,0
426,ccddefcc-90e3-4d96-9d0f-24f32911f3c3,18,12.0,8,3,0,2,0,0,3.7777777777777777,2.4285714285714284,0,0,0
601,fd00f5a1-6239-49ad-be1e-4fa1f2324a59,18,4.0,2,0,2,1,0,0,3.0,3.0,0,0,0
602,567346f6-bbe8-4b1f-ad92-2d07f20a745f,18,4.0,2,0,2,1,0,0,,,0,0,0
603,5a49603f-d809-429e-85bd-e4b029e3ca2d,18,5.0,3,0,2,1,0,0,,,0,0,0
604,aebe5504-e94f-450b-ac41-39a187f78f45,18,4.0,3,0,1,1,0,0,3.0,3.0,0,0,0
605,bf067430-6d3f-4878-b3a3-1e189a5bf43c,18,5.0,3,0,2,1,0,0,,,0,0,0
606,2914ccf9-da3e-44b2-85b9-2af477b005d3,18,5.0,3,0,2,1,0,0,,,0,0,0
607,12b6a325-f758-4b95-9c93-528d0e5caf31,14,37.0,25,0,13,0,0,0,3.872340425531915,2.0,2,0,1
609,665dd9cd-08b0-4f28-9772-03a6b4637269,8,10.0,8,0,2,0,1,0,4.0,2.0,2,0,1
335,6e7b89cc-5221-44ec-bcc9-2dd0a1484268,11,5.0,1,0,1,4,0,0,,,2,1,0
615,1ec0110f-6e9e-4586-b2e0-f2a19487dc63,11,5.0,1,0,1,4,0,0,,,2,1,0
616,761b97a2-7816-4582-81d8-d589a4542260,11,5.0,1,0,1,4,0,0,,,2,1,0
618,579a75c2-79ca-4a74-adc3-1f872b56c170,13,1.0,0,1,0,0,1,0,,,1,0,1
619,6b41b6f6-7f3f-4e41-829e-2aa360dfd697,13,1.0,1,1,0,0,0,0,,,1,0,1
620,9b695ba4-7bbe-468e-88a7-4a5219b07e94,18,12.0,8,3,0,1,0,0,3.4,2.466666666666667,0,0,0
621,48ac90b3-c9a5-44df-8045-df6d22196b5c,18,12.0,8,3,0,2,0,0,3.7777777777777777,3.0,0,0,0
627,458afbb0-6f93-4c61-abeb-7d0aef5ce85a,18,17.0,14,2,0,2,0,0,,,0,0,0
638,0167b1d3-d19f-4abc-9edf-4695c609c622,18,5.0,3,0,2,1,0,0,,,0,0,0
639,c4449a5a-83b2-4b74-ab36-52cd6582ffee,19,40.0,19,14,2,2,0,0,,,1,0,1
642,14c822d4-5b73-44b3-b2b2-792e9f85517f,3,25.0,12,8,3,3,0,0,,,1,0,1
628,1de174fe-41d4-43c6-9843-0e564cbcd1c7,18,2.0,2,0,0,1,0,0,,,0,0,0
629,e8a0a79c-76fb-4bd1-81a1-2aedb6f22bdf,18,12.0,8,3,0,1,0,0,,,0,0,0
630,3f6c7776-892f-423c-8995-f7f9d0e43b62,18,12.0,8,3,0,2,0,0,,,0,0,0
631,7a95ee8d-9f5c-4c28-ba1e-83ab34b38d09,15,36.0,18,6,1,2,0,0,,,1,0,0
632,669e7df1-bfdd-4fd5-906e-5b5e1967e67d,19,39.0,17,14,2,2,1,0,,,1,0,1
633,d10747e4-2a86-4ac4-86ea-3489d31dc18c,18,4.0,2,0,2,1,0,0,,,0,0,0
634,d8321d64-82ad-49ca-9341-adaa4d42d31b,18,4.0,2,0,2,1,0,0,,,0,0,0
635,507d0234-2815-4d98-8743-ae88934f87d8,18,4.0,2,0,2,1,0,0,,,0,0,0
641,3607d9fc-1040-4742-a437-d2b372aa26c5,18,12.0,8,3,0,1,0,0,,,0,0,0
643,e9de705a-2a4a-4f15-94ce-a1417e3f784a,18,17.0,14,2,0,2,0,0,,,0,0,0
644,883e4b13-904f-4e89-9999-977e28ec7d13,15,36.0,19,6,1,2,0,0,,,1,0,0
645,02c02dec-82bf-4552-98b7-c84824f5e9b9,18,12.0,8,3,0,2,0,0,,,0,0,0
649,3a09aab6-5310-4504-a973-f04d7f815d57,15,0.0,0,1,0,0,0,0,,,1,0,0
592,b904de0c-4b22-4139-81bc-a5dfda5ceefc,2,3.0,2,1,0,1,0,5,4.0,1.631578947368421,1,0,1
650,18ad999f-4a55-40ab-9d25-be3ae2125b15,13,1.0,1,1,0,0,0,0,2.8,3.0,1,0,1
961,e6932e78-4a17-4e04-a84e-fde565d6affc,18,12.0,8,3,0,2,0,0,4.4375,2.0,0,0,0
651,c73772b2-7e37-4d67-a247-94744de2987f,15,36.0,19,6,1,2,0,0,4.2105263157894735,,1,1,0
962,0e60d670-b2aa-46ad-bb7b-0a291e1fd8b6,18,12.0,8,3,0,2,0,0,4.0,,0,0,0
516,a57e5338-c0ca-434e-bf82-afb31e94e546,18,11.0,8,3,0,2,0,0,3.909090909090909,2.3636363636363638,0,0,0
512,a43b132d-f5e7-4db0-8dde-b01c0e8dd01b,14,37.0,25,0,13,0,0,0,,,2,0,1
2,c6f1109a-af4d-4c05-bd93-daf9eb874e2d,3,29.0,18,8,4,3,0,14,,,1,0,1
652,4dd6e337-3e09-4d44-a6b0-290b7bf5d92c,7,6.0,5,0,2,0,0,2,,,4,0,1
655,21db8a46-0e0d-4934-a647-bff7095ce11c,7,6.0,6,0,3,0,0,1,,,4,0,1
653,7b28b0d2-58ca-4d7c-8024-9720f3fac7ce,7,6.0,6,0,3,0,0,1,,,4,0,1
654,03b2498c-41bd-4363-a9e3-9ba811b5ae91,7,6.0,6,0,3,0,0,1,,,4,0,1
52,571f458a-66f7-4f0d-bbf8-e11cc738780d,7,2.0,3,0,0,0,0,0,,,4,0,1
657,8b034805-bd5d-4ca5-89c7-ba32c742a3c5,7,6.0,5,0,3,0,0,1,,,4,0,1
658,ff69ae61-1895-4328-973b-ae9b1bf5a048,7,6.0,5,0,3,0,0,1,,,4,0,1
664,ee930713-e40b-4471-8635-1a12a05378c3,19,39.0,17,14,2,2,1,0,,,1,0,1
659,bfff0de8-d3e7-4cb5-9894-d746a6b85063,7,6.0,5,0,3,0,0,1,,,4,0,1
661,fb633063-a3da-4ec8-9320-1ae3ff8f3bd6,15,36.0,19,6,1,2,0,0,,,1,1,0
665,200b419a-5753-4389-9883-f988b9a71ee7,19,40.0,19,14,2,2,0,0,,,1,0,1
662,42dcb5d4-3ede-48ab-abe4-9286b3a0cfed,14,26.0,15,0,11,0,0,0,,,2,0,1
666,55da4b1e-6421-4515-8da8-62430e7687be,19,38.0,16,14,2,2,0,0,,,1,0,1
667,5365e67d-22af-4843-8034-991766b9b5b1,3,25.0,12,8,3,3,0,0,,,1,0,1
668,24043aec-f956-411c-a6ef-487e5c497827,3,28.0,14,8,3,3,1,0,,,1,0,1
669,5ee7dde6-60a8-4b33-b38a-0990cd0fd959,3,26.0,12,8,3,3,1,0,,,1,0,1
963,bc4d5f2a-8d07-47ef-9512-8a7bbbe782e7,15,24.0,15,3,0,1,0,0,4.0,,1,0,0
672,3a2636d5-f970-4470-9589-f08a19e79e8b,11,2.0,1,0,2,0,0,0,,,2,1,0
663,ea7faa7e-7bf0-4318-9f01-9a7611835b4e,11,4.0,1,0,3,1,0,0,,,2,1,0
660,d531af19-38d2-46eb-b3ea-248635982404,15,36.0,19,6,1,2,0,0,,,1,1,0
656,9d44e1eb-1c20-43f1-b7f7-16b556c09a27,7,6.0,5,0,3,0,0,1,,,4,0,1
673,621927a9-85ce-47a4-b67f-1a928d0d31ae,11,2.0,1,0,2,0,0,0,,,2,1,0
671,9399271c-b12a-470c-884b-aaa9b616f8b4,11,2.0,1,0,1,0,0,0,,,2,1,0
674,f2888860-402d-477a-a81b-fcd71c596093,11,2.0,1,0,1,0,0,0,,,2,1,0
675,9fe1eb60-90d4-4ff9-ba2c-68027c1cfc8a,11,4.0,1,0,3,1,0,0,,,2,1,0
670,9d3cc881-7496-48a3-a43a-71883cbfc869,11,4.0,1,0,1,4,0,1,,,2,1,0
676,84ec5c04-e601-4c25-b3c9-801f05442f8a,11,2.0,1,0,1,0,0,0,,,2,0,0
50,5efed151-6727-4d82-aab7-431337846908,14,29.0,36,0,21,0,0,3,,,2,0,1
65,4b8b2934-33f9-434a-8740-9b060adf99ad,11,4.0,1,0,3,1,0,3,,,2,0,0
64,91c06802-bcfb-4d1d-881f-79bdf0ada00d,11,4.0,1,0,3,1,0,3,,,2,0,0
51,90be3d8e-d7c9-49c6-beee-c77a81b02bdc,11,5.0,1,0,1,4,0,6,,,2,0,0
58,5f502334-7490-4d1e-9743-954b13c82b47,11,2.0,1,0,2,0,0,4,,,2,0,0
61,70d05953-0aeb-40ae-9fa8-b2bada7aed13,11,3.0,2,0,2,0,0,3,,,2,0,0
710,559c619e-7330-4200-bd18-5c3e4db3013f,13,1.0,1,1,0,0,0,0,,,1,0,1
89,114f2672-2aae-448a-a916-c6ecf82b9df3,18,5.0,6,0,3,2,0,4,,,0,0,0
38,72a19934-0da0-402a-9217-05078fd153d6,18,12.0,8,4,0,1,0,3,,,0,0,0
691,eaf5ebe4-dfc3-4526-96a1-a787c7705c87,18,11.0,8,3,0,2,0,0,3.7333333333333334,2.5,0,0,0
229,96cb66e4-d8fe-43ef-b256-f12793193ba0,4,5.0,5,0,0,1,0,2,,,1,0,1
204,31084473-11ac-4b3e-9594-7f837d2f486d,5,9.0,7,3,0,0,0,2,,,1,0,1
205,65728cbc-226a-4a74-94f7-bdbf5704a4c6,5,9.0,7,3,0,0,0,1,,,1,0,1
100,bdea9d5d-2107-43e5-9664-d37d9a31dca6,19,39.0,23,14,2,2,1,1,,,1,0,1
161,1337b42a-bb7e-474e-ba38-bebcf8c060d4,19,0.0,0,1,0,0,0,1,,,1,0,1
160,891fae4c-ba04-4cc7-9be3-352f487742e6,19,0.0,0,1,0,0,0,2,,,1,0,1
519,9a742e95-e108-4b0a-8c8e-c3c794c2d02c,6,10.0,7,4,0,0,0,1,,,1,0,1
86,7e2dd9d0-b225-4c9e-89a8-14de407d9d30,8,10.0,10,0,2,0,1,7,,,2,0,1
88,e8086fca-9b55-420f-9ef2-4e6e2f9d3186,8,10.0,22,0,2,0,1,3,,,2,0,1
403,c686e869-8b2c-496a-827d-f5ebbac409a0,12,7.0,7,0,0,2,1,3,,,3,0,0
179,b8a22d15-2e70-4877-8065-21490656b876,12,7.0,5,0,0,2,1,2,,,3,0,0
1,67306f18-a289-4311-9f7a-1ac549b308e3,15,36.0,30,6,3,2,0,4,,,1,0,0
81,ee38f59c-9fd6-47db-a2b6-6be10c10b2d9,18,4.0,2,0,2,1,0,9,,,0,0,0
39,d4ecd36f-9822-42e8-a331-5ccf4624066f,18,12.0,8,4,0,2,0,7,,,0,0,0
37,964ac006-717e-498e-acb6-12206ebd30da,18,2.0,2,0,0,1,0,7,,,0,0,0
677,77cf25a4-eda5-4aeb-b4c0-3e0fb5479485,12,7.0,5,0,0,2,1,0,4.55,,3,0,0
678,fdeed82d-7b8a-4066-b32a-390cf4bd6a8e,12,7.0,5,0,0,2,1,0,,,3,0,0
679,bdddaa94-37dd-4b21-9c53-acff9bfc7c71,12,7.0,5,0,0,2,1,0,4.516666666666667,,3,0,0
680,95c6104c-824a-48cc-a103-a07d00f3930f,12,8.0,4,0,0,4,1,0,,,3,0,0
681,17947868-4c66-48c4-8a7f-677bd404b5dc,3,25.0,12,8,3,3,0,0,,,1,0,1
683,994686bd-96dd-432f-8285-9b5f57d0ae3c,3,25.0,12,8,3,3,0,0,2.5,,1,0,1
684,59662062-96fc-4883-988b-140019d76339,15,36.0,19,6,1,2,0,0,,,1,0,0
685,9f022a12-5349-4d29-8966-3623ff6145bc,3,28.0,14,8,3,3,1,0,,,1,0,1
686,cec78999-8a66-4204-9d51-14366de18e89,3,26.0,12,8,3,3,1,0,,,1,0,1
687,0ad8673d-bdc6-40ee-975b-6d53d7f17ffa,12,7.0,5,0,0,2,1,0,,,3,0,0
688,1abe6321-c63d-4215-a784-3b22995707e8,12,7.0,5,0,0,2,1,0,,,3,0,0
689,ef3b1476-d1ec-4d04-b0f8-6638ee63debf,12,8.0,4,0,0,4,1,0,3.90625,,3,0,0
690,892685fa-dbeb-41b4-9662-2ff0b16be8e1,8,3.0,1,1,0,1,1,0,,,2,0,1
693,acbd2eb9-7e0c-41c5-99de-779bae6e391b,18,12.0,8,3,0,2,0,0,,,0,0,0
695,9e1adf48-56de-47c2-8c70-c0f8b627ed39,18,12.0,8,3,0,2,0,0,,,0,0,0
696,698a6e62-9bc7-4bcd-b2cd-f35a05349beb,18,12.0,8,4,0,2,0,0,3.8,3.6666666666666665,0,0,0
694,4fc64a08-3a25-4701-84fa-a5ba0aece24a,18,12.0,8,3,0,2,0,0,,,0,0,0
697,f3e533c9-c9db-4f7f-9a9a-a4c9621a3e22,18,12.0,8,3,0,2,0,0,,,0,0,0
698,db01333f-9cec-49b4-af77-dbaa428c198d,18,11.0,8,3,0,2,0,0,,,0,0,0
699,b395165e-4315-4e67-b65e-666efde985c7,18,11.0,8,3,0,2,0,0,,,0,0,0
700,12d8db0c-4c43-4f71-91a0-456366510de7,18,12.0,8,3,0,2,0,0,,,0,0,0
713,15e0ddfa-7767-492e-9ea4-64136d039fb9,15,36.0,18,6,1,2,0,0,4.0,,1,1,0
712,327b5538-18b2-47e4-bb9c-db056f5ebd32,15,26.0,16,4,0,1,0,0,,,1,1,0
701,4f5fc804-690c-40be-93a4-031769aaf5da,18,11.0,8,3,0,2,0,0,,,0,0,0
964,3bf7cd44-e867-485f-8dda-6fe0d7981cd3,8,2.0,1,1,0,0,1,0,3.4358974358974357,2.1794871794871793,2,0,1
702,2a114465-572b-4946-8b7d-a477936b0eb8,18,11.0,8,3,0,2,0,0,3.0,4.5,0,0,0
692,15359c32-9784-4af2-a12a-577d3a4fc949,18,12.0,8,3,0,2,0,0,,,0,0,0
703,10113e57-c860-453c-80a7-fb136042eb43,3,25.0,12,8,3,3,0,0,,,1,0,1
704,6b8d56ef-7831-4233-8a0e-602612bee7f9,18,11.0,8,3,0,2,0,0,,,0,0,0
705,9be12eb0-6055-4e2f-bddb-4fa0ffa39599,15,26.0,16,4,0,1,0,0,,,1,0,0
706,fd66dcb8-25a7-4690-bc81-760ed3e49422,14,25.0,15,0,11,0,0,0,2.0,3.75,2,0,1
707,f9398946-fbde-475c-b65b-8e609dab93a3,14,37.0,25,0,13,0,0,0,,,2,0,1
708,03e36028-3d3a-405e-9372-ea3e009b9ea2,14,26.0,15,0,11,0,0,0,4.189655172413793,2.3448275862068964,2,0,1
596,4c4a9d55-6d3c-43fb-be6c-1aca2d7348e7,14,25.0,15,0,11,0,0,1,4.0,2.05,2,0,1
709,04d29db8-6c34-4687-a576-29478d4b40b5,14,25.0,15,0,11,0,0,0,3.7777777777777777,3.111111111111111,2,0,1
587,4b94786b-833c-4094-96a8-83b637d5d369,8,10.0,8,0,2,0,1,1,3.808080808080808,2.3535353535353534,2,0,1
714,76ca55d0-86d5-4af9-87e4-dda1a5187f88,15,36.0,19,6,1,2,0,0,4.161904761904762,,1,1,0
717,36594704-6b23-4d9e-8498-3984ebdf4cd0,15,0.0,0,1,0,0,0,0,,,1,1,0
722,3e0ee200-77a0-4b19-ad12-6db6f0401cb4,11,1.0,1,0,0,0,0,0,5.0,,2,1,0
469,732d161d-d98b-45e9-972f-9da42367009a,12,7.0,5,0,0,2,1,0,,,3,1,0
719,a8950c23-4aa8-4ee9-b18b-0a0e5d760cd9,5,9.0,4,3,0,0,0,1,,,1,0,1
720,e235f3f2-d72f-4496-8cad-5b7e8e43394c,8,10.0,10,0,1,0,0,0,,,2,0,1
581,d1eb88c5-718f-4cd1-bee7-f018c43d76fb,4,5.0,5,0,0,1,0,1,5.0,2.0,1,0,1
682,e4914825-fa97-4b2f-8199-7f803ac122da,15,36.0,19,6,1,2,0,0,,,1,0,0
721,48110a0e-152c-4723-93f5-512584765f1b,13,1.0,1,1,0,0,0,0,,,1,0,1
715,c500cfa1-dd2a-4526-9ce3-5e0e4c38afb0,15,29.0,17,4,0,1,0,0,,,1,1,0
716,90bd65e4-0c45-4c27-81e6-d96d73ab6031,15,29.0,17,4,0,1,0,0,,,1,1,0
723,d042732b-f2e0-4025-931b-77746e85970b,11,2.0,1,0,1,0,0,0,4.0,,2,1,0
724,c64c4899-4264-45fd-9f7d-399cdd1a797e,11,2.0,1,0,1,0,0,0,3.3333333333333335,,2,1,0
725,a47fdff9-daef-41c6-900a-f3d1bdadddb1,11,4.0,1,0,2,1,0,0,,,2,1,0
726,24f3b2a5-551f-4e36-acd0-da7067d7cffa,11,4.0,1,0,3,1,0,0,4.0,,2,1,0
727,174389f9-ec7c-4867-a9bd-332a6f336b9f,11,4.0,1,0,3,1,0,0,,,2,1,0
965,48b9e49a-7ef9-4092-9038-391714d91f69,15,26.0,16,4,0,1,0,0,3.0,,1,0,0
728,23d2698c-08e9-438f-8213-278468509413,11,1.0,1,0,0,0,0,0,,,2,1,0
729,ddcac492-6db3-4d0c-b5c2-3a06af0a1c3b,11,2.0,1,0,1,0,0,0,,,2,1,0
730,0f210494-0d9d-4a9c-986c-04665d1183c7,11,2.0,1,0,1,0,0,0,5.0,,2,1,0
731,831cb376-d238-462f-bf59-9064eca712eb,11,4.0,1,0,2,1,0,0,,,2,1,0
732,90b5fd36-0733-424c-bb97-1c67555eec9c,11,4.0,1,0,3,1,0,0,,,2,1,0
733,51caab84-a95f-4c08-8d8d-700f03f9591f,11,4.0,1,0,3,1,0,0,5.0,,2,1,0
734,2a3a3a0b-0b48-44e4-a91b-edc1509452dc,8,2.0,1,1,0,0,1,0,3.6666666666666665,3.0,2,0,1
735,580f3f4e-d743-4b21-a656-ed3b92e29dda,15,36.0,19,6,1,2,0,0,3.2857142857142856,,1,0,0
736,0be419db-8475-4d98-bb93-69eae3fb57b1,15,26.0,16,4,0,1,0,0,,,1,0,0
737,99f25e92-2b82-4114-9bc5-3d5d5c52766e,15,36.0,18,6,1,2,0,0,,,1,0,0
738,cf7065a0-0e68-47b3-99e5-410c93e86db3,15,36.0,19,6,1,2,0,0,,,1,0,0
739,1efcbb63-0a4f-456c-ab4d-e372ef1715b2,15,29.0,17,4,0,1,0,0,,,1,0,0
740,03e3c9fb-1f87-4402-8c0b-027215c659a3,15,29.0,17,4,0,1,0,0,,,1,0,0
741,4369d6ed-e823-46a3-b080-2cb5d6451d53,15,24.0,15,3,0,1,0,0,,,1,0,0
742,79954894-4c1e-4838-8de0-0806db53ad18,15,27.0,16,3,0,1,0,0,,,1,0,0
743,97436117-2b15-482d-a389-5c51024ffd64,15,26.0,16,3,0,1,0,0,,,1,0,0
744,c2d6086f-94d0-4376-9c43-2d1107313ce6,15,0.0,0,1,0,0,0,0,,,1,0,0
745,34abbbb9-8622-4a1e-8b36-8db184d697c9,15,0.0,0,1,0,0,0,0,,,1,0,0
746,98a89203-fb37-4072-8fd3-45137eef51dc,15,0.0,0,1,0,0,0,0,,,1,0,0
747,ddd87cc6-8816-47f2-ab6d-71d1c11e03b9,15,0.0,0,1,0,0,0,0,,,1,0,0
748,c444aa2b-7f06-4215-9166-0b846946e10e,15,0.0,0,1,0,0,0,0,,,1,0,0
749,a99b6a5d-4450-48e5-9bad-d90ff64daee0,6,10.0,7,4,0,0,0,0,3.3846153846153846,2.8346153846153848,1,0,1
750,9831a241-c90e-42e4-97cb-810e39437266,6,4.0,4,1,0,0,0,0,2.5238095238095237,3.8857142857142857,1,0,1
751,926dc581-2838-492d-a2ae-30dc18f392bd,8,17.0,15,0,2,0,1,0,3.0,4.0,2,0,1
752,34cdc6b6-0351-4d9b-b784-7d63faec6e0b,3,25.0,12,8,3,3,0,0,,,1,0,1
753,0182ac6a-ac3f-4446-b14b-9f247963f94a,8,10.0,8,0,2,0,1,0,3.4444444444444446,2.6666666666666665,2,0,1
754,eae551e4-5417-4a80-977d-1f0e2eba926b,8,18.0,16,0,2,0,1,0,3.125,3.125,2,0,1
755,69a3257d-7821-4108-9bd2-09c5340facf6,8,10.0,10,0,1,0,0,0,3.375,2.875,2,0,1
757,2c4048a7-840f-4718-83cb-07c7a7cb0cb9,13,1.0,1,1,0,0,0,0,3.75,3.25,1,0,1
758,ba6703bd-19d8-41c2-a048-ab725cd11df4,15,36.0,19,6,1,2,0,1,3.6116504854368934,,1,0,0
759,663e254d-6651-4f17-b9d1-b040ba498861,15,36.0,18,6,1,2,0,0,4.035555555555556,,1,0,0
760,d9217ffa-e140-4c13-a6b4-9f042a01160c,15,36.0,19,6,1,2,0,0,3.7974683544303796,,1,0,0
966,a261d320-3654-4055-8ffa-2dda49574618,15,21.0,17,4,0,1,0,0,3.727272727272727,,1,0,0
764,a906e4a0-aca5-452f-8ee0-8de5fff4a395,8,10.0,8,0,2,0,1,0,3.0,3.0,2,0,1
767,63fe8a1e-b530-473e-a93d-b271ac23e836,15,36.0,19,6,1,2,0,0,,,1,1,0
762,6253d030-4843-4774-94d3-516f2243a327,17,7.0,3,2,0,3,0,0,4.2,2.0,2,0,1
763,4d1b94b7-2849-4b57-abe1-08caad1a22bc,12,7.0,5,0,0,2,1,0,3.75,,3,1,0
614,92ab24df-0936-4dad-bcbb-2158f9eb1755,8,10.0,8,0,2,0,1,0,3.5,2.0,2,0,1
765,ace95aee-91e3-4e8c-a1cb-606b7fba928b,15,27.0,19,6,1,2,0,0,4.085714285714285,,1,1,0
766,41dfc150-e255-4a97-b5e0-3674f02fc517,15,36.0,18,6,1,2,0,0,3.85929648241206,,1,1,0
768,09ec7c71-1bab-4121-ba03-8bddcad7c096,15,0.0,0,1,0,0,0,0,,,1,1,0
967,00259137-9d5f-4994-8469-0eec9fb81488,15,21.0,17,4,0,1,0,0,3.78494623655914,,1,0,0
770,79b99bf9-71c9-480a-8f1f-7bf27c2540b1,15,36.0,19,6,1,2,0,0,,,1,1,0
771,17f07c98-0e42-4271-9e37-507b499c6dee,8,2.0,1,1,0,0,1,0,3.8333333333333335,2.5,2,0,1
772,c948fcc4-890f-4cfc-93db-7b4b2a379dce,8,10.0,8,0,2,0,1,0,,,2,0,1
386,cd6487b6-dade-47f1-9a7e-fc069fbaa352,19,39.0,17,14,2,2,1,0,,,1,0,1
478,0a56be36-25e2-467b-903e-203f7f8b43c4,19,39.0,17,14,2,2,1,2,3.0,3.0,1,0,1
774,cbfcc0b4-aa50-416a-babb-d2bf9b4afc70,19,0.0,0,1,0,0,0,0,4.0,2.0,1,0,1
773,03383f21-3832-4b28-8ab8-05da3ed3c2f8,19,39.0,17,14,2,2,1,0,4.0,2.0,1,0,1
778,116452dc-2e28-4a19-acaa-b65e5620f261,18,12.0,8,3,0,2,0,0,,,0,0,0
780,30ade485-2035-4fe6-be57-cb61ac1257fc,18,17.0,14,2,0,2,0,0,,,0,0,0
782,df9b0c8b-1c82-498d-abe8-b9ef85af860b,18,12.0,8,3,0,1,0,0,,,0,0,0
809,dbf91c99-5955-4fda-8d9d-36d9c0b46ea8,19,0.0,0,1,0,0,0,0,,,1,0,1
776,f3ec86b3-7b95-477e-b342-d78c08be30b2,19,36.0,19,14,2,2,1,3,3.0352422907488985,1.8061674008810573,1,0,1
777,9b089a60-74ad-4d00-a3cf-c7b87dc1f410,19,38.0,16,14,2,2,0,2,3.108695652173913,2.3260869565217392,1,0,1
779,503beab1-bdc0-4898-9d29-a75facbc1bfe,6,4.0,4,1,0,0,0,0,,,1,0,1
781,4ce18f67-49ce-4e3f-85e3-53df61a6129a,18,2.0,2,0,0,1,0,0,,,0,0,0
783,988cd1f4-7e55-4e1e-9607-a77a541ceb5f,14,26.0,15,0,11,0,0,0,3.5,2.0,2,0,1
784,4efa0658-9e4b-4b8a-b4a1-75bbdccd09d2,14,37.0,25,0,13,0,0,0,,,2,0,1
785,f60afc7b-07dd-44b0-990c-e49f19fbe8ac,8,10.0,8,0,2,0,1,0,3.3636363636363638,2.1818181818181817,2,0,1
786,2ecbaddd-f707-44b7-b977-033a96467b60,8,17.0,15,0,2,0,1,0,1.8181818181818181,3.0,2,0,1
787,e473c60f-4c7d-428e-8894-d6d7d92d2cd2,8,10.0,10,0,1,0,0,0,3.0,2.0,2,0,1
788,c28cfc5f-50ad-477e-84b4-dabca1b54841,3,25.0,12,8,3,3,0,0,3.0,3.0,1,0,1
789,4cdba80b-008c-4638-b9d1-8ee3f9fd227f,18,12.0,8,3,0,2,0,0,3.9305555555555554,,0,0,0
790,d69ca9ec-1427-4536-a74a-30844ec4c42c,8,2.0,1,1,0,0,1,0,3.0,3.0,2,0,1
791,fb239cb9-bf3c-4a27-b643-d4583d07e60b,8,17.0,15,0,2,0,1,0,,,2,0,1
798,bf2c0978-ecb9-47bf-937b-cd98088a2f7b,2,3.0,2,1,0,1,0,0,,,1,0,1
810,9ceb241e-cf2f-40db-9117-7e5dc5af35c9,19,0.0,0,1,0,0,0,0,,,1,0,1
792,eca06ae2-c517-4ef8-a6f3-881fe33b04ad,18,12.0,8,3,0,2,0,0,3.830357142857143,2.5555555555555554,0,0,0
793,93930e4f-b19a-4afd-b560-42e4e39de31a,8,2.0,1,1,0,0,1,0,,,2,0,1
794,aff06b0d-38eb-4bde-9a6d-a169a17b8f15,8,2.0,1,1,0,0,1,0,,,2,0,1
795,ee3bea94-5dc1-46b7-be7e-351d971a5584,8,2.0,1,1,0,0,1,0,,,2,0,1
796,ce0bdb71-fe4d-4d62-ae04-3258de0155d7,18,12.0,8,3,0,2,0,0,,,0,0,0
797,11a99841-86d5-46f5-9230-b8dd69079f56,3,26.0,12,8,3,3,1,0,,,1,0,1
799,a100449b-87bf-40c9-8545-bc557e331fd5,19,40.0,19,14,2,2,0,0,,,1,0,1
800,03bc1dd1-f00b-4261-a6f8-6e0e4b41968c,15,36.0,19,6,1,2,0,0,,,1,0,0
801,deadc621-b1f7-4e84-93db-4d850270e779,19,38.0,16,14,2,2,0,0,,,1,0,1
802,d3fcc149-6f0f-4691-baba-41483b754b5c,2,17.0,9,3,0,6,0,0,,,1,0,1
803,cb797241-4cc2-4701-b92e-27c6e0b24e85,15,29.0,17,4,0,1,0,0,,,1,0,0
804,7ced16c6-4a46-49a6-8e70-2f7130b5ec09,15,29.0,17,4,0,1,0,0,,,1,0,0
805,34b358fc-36e7-467a-b246-396412ed6925,15,24.0,15,3,0,1,0,0,,,1,0,0
806,1ce8199a-b518-4413-b237-90bb3bb5be20,15,27.0,16,3,0,1,0,0,,,1,0,0
807,d9e8789f-9c01-492f-9748-121db2341ac8,15,26.0,16,3,0,1,0,0,,,1,0,0
808,1f2f7806-eaa0-45c7-83f4-c59cb5433c53,5,9.0,7,3,0,0,0,0,,,1,0,1
811,b3e225e3-f226-4de9-abf0-ea1b4ab066d7,15,0.0,0,1,0,0,0,0,,,1,0,0
812,6c02f6ca-8e44-49dd-8862-2b5ae71638e6,15,0.0,0,1,0,0,0,0,,,1,0,0
813,da2f09da-bfed-495d-bf38-57c4910ef33b,15,0.0,0,1,0,0,0,0,,,1,0,0
814,6976e6f1-c9ca-4163-924a-7f4757880be1,5,9.0,4,3,0,0,0,0,,,1,0,1
775,e402893c-8dc1-4a93-bb76-8ed5af70435b,19,34.0,17,14,2,2,1,1,3.3756906077348066,2.0331491712707184,1,0,1
819,dbf194dc-bd9d-4a19-83b1-99b5e553169b,7,6.0,5,0,2,0,0,0,,,4,0,1
820,cec68bc0-a930-46f4-8943-2cd9744011bc,7,6.0,5,0,2,0,0,0,,,4,0,1
821,5ca44e7d-26e9-4194-a8be-347fb83c20cd,7,6.0,5,0,2,0,0,0,,,4,0,1
98,13e34e86-8e92-441b-b48d-95891f5963e5,3,28.0,19,8,3,6,1,5,,,1,0,1
815,afacc156-c287-455a-b8e5-f3f322f4910e,7,6.0,5,0,2,0,0,0,,,4,0,1
816,e85cfdd1-6bfd-4c7b-8fa2-a65ce5a40e6d,7,6.0,5,0,2,0,0,0,3.0,2.5,4,0,1
817,61df3898-9ab5-4e71-8862-ee7bf777aa65,7,6.0,5,0,2,0,0,0,,,4,0,1
818,71fce2ed-9fb8-47fe-85b7-d51d0929c585,7,6.0,5,0,2,0,0,0,,,4,0,1
769,fe608722-f5ee-4c32-8c28-9624a4c0384e,18,12.0,8,3,0,1,0,0,,,0,0,0
822,394fc56c-c061-4655-abec-7dc8ba3750f3,7,6.0,5,0,2,0,0,0,,,4,0,1
823,06281e92-fbac-4677-be22-79ffa6bc167d,7,6.0,5,0,2,0,0,0,,,4,0,1
824,085eadc8-a2c0-4ddd-8e88-147aef595b7c,7,6.0,5,0,2,0,0,0,1.0,1.0,4,0,1
825,aab4f8df-b7e1-426d-94c2-1a90e55857ab,7,6.0,5,0,2,0,0,0,,,4,0,1
826,cd3d5b62-7063-4e72-91f6-aae8b3148eb5,7,6.0,5,0,2,0,0,0,1.5,1.8333333333333333,4,0,1
827,0626ac3d-3b75-4f9f-8225-637f7679d85f,7,6.0,5,0,2,0,0,0,,,4,0,1
828,dfcb519b-ecfe-4d10-9082-667ffa3e26ac,7,6.0,5,0,2,0,0,0,1.0,1.0,4,0,1
829,9e1cbad2-8718-42d2-9fef-20fdbf7fb455,7,6.0,5,0,2,0,0,0,,,4,0,1
830,0b76f185-fa88-4207-92d5-face4fd66287,6,10.0,7,4,0,0,0,0,3.4655172413793105,2.3448275862068964,1,0,1
831,d5c99725-772e-4fdb-8d1e-1887cbd819da,6,4.0,4,1,0,0,0,0,2.5,3.230769230769231,1,0,1
832,4c886f0e-21a5-4edc-af56-950967277899,6,10.0,7,4,0,0,0,0,,,1,0,1
833,bd8af413-f372-4a31-8473-d5bae116cf3c,6,4.0,4,1,0,0,0,0,,,1,0,1
834,1b027c70-7244-4333-b5a4-93a8962df21e,6,4.0,4,1,0,0,0,0,2.769230769230769,3.269230769230769,1,0,1
835,9a131224-8bf7-4d13-b302-bfd64b2fe03b,6,4.0,4,1,0,0,0,0,2.6052631578947367,3.9210526315789473,1,0,1
836,0f104327-a1dd-49e6-8d04-9dc32940c725,6,10.0,7,4,0,0,0,0,3.6491228070175437,2.3157894736842106,1,0,1
837,0267be9d-1611-427c-b24e-8746bfdc3400,6,10.0,7,4,0,0,0,0,3.376470588235294,2.6588235294117646,1,0,1
838,847c65ab-424d-41c2-a003-972d915cb8d6,17,7.0,3,2,0,3,0,0,4.0,2.0,2,0,1
756,5f91e3ed-7396-4361-899d-909224f9c237,8,19.0,17,0,2,0,1,0,4.4,1.6,2,0,1
843,99efa28b-6fd5-487a-be0f-c8ba652edbd9,7,6.0,5,0,2,0,0,0,,,4,0,1
839,79000f06-5b69-4b6c-823c-9265254296a8,17,9.0,3,4,0,3,0,0,4.25,1.75,2,0,1
840,4e633cc1-e96f-4e32-a6c8-700a2273ab4e,7,6.0,5,0,2,0,0,0,1.0,5.0,4,0,1
841,a3bdc16b-3f03-4275-9e23-41e80c5a27e2,7,6.0,5,0,2,0,0,0,,,4,0,1
842,49d8c159-63ba-4f67-bdbd-ca6f27734755,7,6.0,5,0,2,0,0,0,,,4,0,1
858,820cf2cb-eb58-423b-a8c4-bc7801f7e0af,12,7.0,5,0,0,2,1,0,,,3,0,0
844,0b0f6b69-efd9-47ec-a878-f4e2954fce2f,7,6.0,5,0,2,0,0,0,,,4,0,1
845,e1424673-cf93-4e0b-bcc2-e6bf642e1bf9,7,6.0,5,0,2,0,0,0,,,4,0,1
846,452b39a6-d416-47b2-b477-1e6efd5ada6a,7,6.0,5,0,2,0,0,0,,,4,0,1
847,b4c12738-30cf-4c2e-b89a-18e64cf238c4,7,6.0,5,0,2,0,0,0,,,4,0,1
848,a9579f14-8b89-4551-9bb5-04be638b0420,3,25.0,12,8,3,3,0,0,2.7777777777777777,2.888888888888889,1,0,1
849,86382c31-1274-483f-a343-8b6e152bedd8,3,28.0,14,8,3,3,1,0,,,1,0,1
850,c24b0660-e615-4d88-994a-63e9401ec193,6,10.0,7,4,0,0,0,0,,,1,0,1
851,d48a9758-25ba-4325-8758-369851650a7e,6,4.0,4,1,0,0,0,0,,,1,0,1
853,c0a6e0ce-0dc9-46ad-82a2-2f32862c811e,6,10.0,7,4,0,0,0,0,3.1695906432748537,2.426900584795322,1,0,1
852,14871b15-9f28-46be-bd81-7950bf8ae66a,6,4.0,4,1,0,0,0,0,,,1,0,1
854,a80b5253-64ce-4704-9805-3c8194e3936c,6,4.0,4,1,0,0,0,0,3.0714285714285716,3.0714285714285716,1,0,1
855,c35d2f70-7c3b-477b-8559-2d6705e4d9c2,12,7.0,5,0,0,2,1,0,3.933333333333333,,3,1,0
856,022f3d0b-1790-4a01-ba43-2b508ca173cc,12,8.0,4,0,0,4,1,0,2.8333333333333335,,3,1,0
857,64460a2a-23e3-4138-aceb-4a104327a90b,12,7.0,5,0,0,2,1,0,,,3,0,0
877,59dab709-f133-404c-8bda-d05a7dd7004a,15,0.0,0,1,0,0,0,0,,,1,0,0
859,6dfe4269-2887-4668-a386-e63e38970dac,12,7.0,5,0,0,2,1,0,,,3,0,0
860,d8284855-6609-4418-88c2-4e37c9b5cb35,12,8.0,4,0,0,4,1,0,3.0,,3,0,0
861,c763a4d7-b997-4ea3-8525-00cf8ba9e68a,14,26.0,15,0,11,0,0,0,,,2,0,1
862,8ee0fc6f-e0bb-4d4d-8dc3-3eb7c2dcf5aa,14,37.0,25,0,13,0,0,0,,,2,0,1
863,44015ede-e21f-465e-aee5-d7812e9261de,8,10.0,8,0,2,0,1,0,1.0,3.0,2,0,1
864,3f3d1652-87cc-47bf-8100-7df5f866839e,8,17.0,15,0,2,0,1,0,,,2,0,1
865,ca865a32-21d3-4204-964c-242e6e13b9a8,8,10.0,10,0,1,0,0,0,2.5,3.5,2,0,1
866,23505182-857b-4897-a885-5a98adbac7ca,15,36.0,19,6,1,2,0,0,,,1,0,0
867,ece070d1-c312-48d4-96bb-bf36d4bb0aab,15,26.0,16,4,0,1,0,0,,,1,0,0
868,65c1c07d-bf18-4271-bd1f-e432b942b3f3,15,36.0,18,6,1,2,0,0,,,1,0,0
869,e550e0f7-8844-43d8-8cce-d59825dcebb8,15,36.0,19,6,1,2,0,0,3.096774193548387,2.0410557184750733,1,0,0
870,6dd861e4-7897-4e41-bccc-3599eb4ac307,15,29.0,17,4,0,1,0,0,,,1,0,0
871,8632487e-2112-44d9-8d2c-9b45c8b7c41a,15,29.0,17,4,0,1,0,0,2.948717948717949,2.1538461538461537,1,0,0
872,6c0b30af-5806-4e7c-9b7b-8f41ec51a87b,15,24.0,15,3,0,1,0,0,,,1,0,0
873,8db3dfb3-ffb7-4956-827e-437940bbc5bd,15,27.0,16,3,0,1,0,0,3.7142857142857144,1.5952380952380953,1,0,0
874,b2caad5f-95e2-4e0f-ae77-78f1072b89db,15,26.0,16,3,0,1,0,0,,,1,0,0
968,560bc8b2-80a3-4c2e-96c3-f35ac9b40e47,3,25.0,12,8,3,3,0,0,,,1,0,1
876,f4cfc963-7ca2-4859-ad84-ea3fefcfe687,15,0.0,0,1,0,0,0,0,,,1,0,0
878,cf7bae5b-79e2-47b2-8dd7-5a6e888e279a,13,1.0,1,1,0,0,0,0,3.4814814814814814,2.4444444444444446,1,0,1
875,ebbcc5ed-15c8-47d7-a955-6171ccea9a36,15,0.0,0,1,0,0,0,0,,,1,0,0
879,85698c3b-4308-4ea2-b90f-402be40ffb50,15,36.0,19,6,1,2,0,0,3.4285714285714284,,1,1,0
880,eaa1322b-70f2-4d77-b402-972586a93956,14,37.0,25,0,13,0,0,0,3.6666666666666665,2.0833333333333335,2,0,1
881,5e431bac-1d7d-4ade-a2d7-164a1deca1c2,8,2.0,1,1,0,0,1,0,,,2,0,1
882,dee16962-0250-448d-b7f9-8f65c97ef13c,18,12.0,8,3,0,2,0,0,3.4,2.6,0,0,0
883,90f06bb6-a230-4b8e-bafb-07e18e1f7ad7,3,25.0,12,8,3,3,0,0,,,1,0,1
884,9e23a5cd-263c-4521-856e-619b46aecb2e,8,2.0,1,1,0,0,1,0,3.5,3.0,2,0,1
885,1bdc29f3-2c17-4f7a-a395-a8d9b56fd83b,15,26.0,16,4,0,1,0,0,4.198581560283688,,1,1,0
886,33b1d879-9338-4ce1-9dd6-8c4973fe956e,15,29.0,17,4,0,1,0,0,3.6180257510729614,,1,1,0
887,571d189f-5e6c-4274-9b89-c8939ae2a9a9,3,25.0,12,8,3,3,0,0,4.5,2.0,1,0,1
888,a9ef73ba-5928-48e3-86de-33f3a2f72f60,3,28.0,14,8,3,3,1,0,4.0,1.5,1,0,1
889,bc79ab2b-4b71-4c7e-8177-609d84ce2b63,3,26.0,12,8,3,3,1,0,,,1,0,1
890,084ef2c0-36d9-45a0-8b27-8110cca6beb0,3,25.0,12,8,3,3,0,0,,,1,0,1
891,30c0527e-0734-4e42-8621-4fdd01bd622f,12,7.0,5,0,0,2,1,0,,,3,0,0
892,bb8fa0ae-0008-4858-b36c-4474af3759aa,3,25.0,12,8,3,3,0,0,,,1,0,1
893,b276a11d-af8d-4f7b-98c2-fbe57c7e087c,18,17.0,14,2,0,2,0,0,,,0,0,0
894,653b19d5-9c2a-4f17-a19d-e1a728a81add,13,1.0,1,1,0,0,0,0,,,1,0,1
895,00959822-5201-411d-97dc-1cfb70504ae7,15,36.0,19,6,1,2,0,0,3.8620689655172415,,1,1,0
902,08fec22d-6026-4e95-838f-3707e81f6a65,18,12.0,8,3,0,2,0,0,,,0,0,0
761,5170b742-7d01-4496-9e8a-54ec86cb213a,17,9.0,3,4,0,3,0,4,,,2,0,1
896,a2a14533-8172-468a-baaa-2b1b72e143f0,7,6.0,5,0,2,0,0,0,,,4,0,1
897,790ba267-8f33-410a-85be-a17500c3e8da,7,6.0,5,0,2,0,0,0,,,4,0,1
898,0fa18bc1-1f93-49e6-9305-092a03181cb4,11,4.0,1,0,3,1,0,0,,,2,0,0
899,e24c5d74-5f9a-41c8-8309-7185b08ede7b,18,12.0,8,3,0,2,0,0,,,0,0,0
900,b9953bb9-3b84-4bfd-89cc-2a8d5ffe670f,18,12.0,8,3,0,2,0,0,4.0,,0,0,0
901,09c96367-a20d-4413-bcb4-efeedd5f153f,18,12.0,8,3,0,2,0,0,5.0,1.0,0,0,0
903,3acafcec-e22b-476c-a854-c85c06f2b74e,18,12.0,8,3,0,2,0,0,5.0,,0,0,0
106,ed5ff71f-9bcc-4946-bf4a-7e4e5cbc8ccc,15,35.0,28,6,1,4,0,1,,,1,0,0
904,634ad447-1481-43a1-9c96-bdbfe47ecc7b,18,12.0,8,3,0,2,0,0,,,0,0,0
905,0073247e-86e8-4137-b620-6819b9c518fd,8,2.0,1,1,0,0,1,0,,,2,0,1
906,a52b0ac6-185e-4c39-94aa-178afc7ccbca,17,9.0,3,4,0,3,0,0,3.0,,2,0,1
907,0b81d051-0a8e-4086-a8a3-7c4ac13a79b9,17,9.0,3,4,0,3,0,0,,,2,0,1
908,f293e46d-9762-4c70-a8a1-7ec8ee09ae75,7,6.0,5,0,2,0,0,0,,,4,0,1
914,1c67e2d7-e946-410d-8699-a23440dcc14d,15,36.0,19,6,1,2,0,0,3.552132701421801,,1,1,0
915,be3ddc32-d756-41a8-948a-68ae697ebca2,15,36.0,18,6,1,2,0,0,3.0961538461538463,,1,1,0
909,728d22ba-7134-4464-af6e-0cfb69c8b141,15,26.0,16,3,0,1,0,0,,,1,1,0
917,75d0b511-f597-4eed-bb93-3a9416fca332,15,36.0,19,6,1,2,0,0,,,1,1,0
918,e3a8f995-51cc-40c9-982a-3354c4e09c04,15,29.0,17,4,0,1,0,0,3.5833333333333335,,1,0,0
919,95fd356d-75a5-4473-a101-c87e996ccd0f,15,27.0,16,3,0,1,0,0,3.6153846153846154,,1,0,0
920,c36a2fc8-a61a-44f1-9be0-2c255c9e6b20,15,27.0,19,6,1,2,0,0,,,1,0,0
921,45a26713-ed26-4f88-8c12-0ad460a41d79,17,9.0,3,4,0,3,0,0,4.0,1.8,2,0,1
922,1cbc9914-be26-42fc-9518-4e48fbf64498,3,25.0,12,8,3,3,0,0,,,1,0,1
910,9e89eb8a-8bdd-4ea1-acf5-7795dcd7f041,15,27.0,16,3,0,1,0,0,,,1,1,0
711,edbd0316-324f-4a49-a5fc-8875aa0a606d,15,36.0,19,6,1,2,0,0,,,1,1,0
912,7ab88037-0a0f-4d6d-9671-e1a1c491549b,15,29.0,17,4,0,1,0,0,,,1,1,0
913,254101a7-87ff-4328-8489-3a388527cc0c,15,29.0,17,4,0,1,0,0,,,1,1,0
924,4654d703-e827-400d-bd3d-53c2e02a5309,15,26.0,18,6,1,2,0,0,,,1,0,0
916,ac20cbea-41ec-4cbd-b500-96d5148caa42,15,26.0,16,4,0,1,0,0,,,1,1,0
925,6eef75c3-6f01-41ad-8c72-efd44470dea3,15,29.0,17,4,0,1,0,0,3.728395061728395,,1,1,0
926,e38f397e-6164-4d58-acbc-795ba2d25587,15,29.0,17,4,0,1,0,0,3.3529411764705883,,1,1,0
927,b2d39816-5043-46a4-8836-b79e028442a4,15,26.0,16,4,0,1,0,0,2.9682539682539684,,1,1,0
718,87e82fcd-bcaf-4bf4-bd0e-90ceddc247b8,15,0.0,0,1,0,0,0,0,,,1,1,0
923,f9a63bce-b136-4c8a-9a0b-415f97c6d19c,15,36.0,19,6,1,2,0,0,,,1,1,0
969,e79fb16d-41a1-4d12-8799-fa1e94388acb,15,26.0,16,4,0,1,0,0,,,1,0,0
